Current_Occupancy,Queue_Main_In,Queue_Entrance,Queue_Main_Out,Green_T1,Green_T2,Green_T3
49,1,0,24,10,58,11
33,23,7,6,57,13,16
31,22,4,15,48,31,10
49,17,17,19,10,59,10
19,11,18,22,20,37,29
16,3,4,23,10,58,10
16,4,5,4,29,27,34
50,28,13,6,12,58,10
0,23,10,6,55,11,24
0,10,5,8,40,29,18
58,1,5,0,10,60,10
23,7,10,14,20,40,30
10,27,13,29,33,39,16
42,27,11,5,10,60,10
63,28,15,6,11,59,11
28,6,15,19,12,41,32
43,25,10,1,10,58,10
28,7,1,8,41,46,10
9,11,6,24,26,50,15
41,6,7,8,10,60,10
6,17,14,5,43,14,35
1,16,2,17,42,44,10
23,24,0,20,50,39,10
19,0,18,3,12,10,58
12,6,7,20,18,55,17
19,27,8,12,53,22,15
5,13,4,24,27,54,10
30,11,18,15,22,28,35
24,14,15,1,41,12,45
39,5,14,6,12,60,10
64,23,16,0,10,60,10
52,10,19,22,10,59,10
32,4,7,15,11,50,26
8,14,0,28,30,59,10
2,5,5,15,17,53,20
3,4,3,6,28,41,21
20,8,1,4,53,25,10
10,18,12,0,54,10,35
27,8,5,12,27,43,18
55,6,14,4,10,59,10
47,13,0,5,10,59,11
36,5,2,13,10,60,11
46,16,12,0,10,60,10
32,12,9,7,36,22,27
31,5,1,28,12,59,11
46,22,14,15,12,58,10
25,3,6,25,10,59,14
48,2,3,20,10,59,10
5,29,2,20,52,33,10
37,16,8,4,10,60,10
32,29,6,26,41,37,10
11,27,17,30,31,35,22
20,16,3,25,34,52,10
38,6,2,30,11,60,10
34,4,20,10,11,26,51
42,17,14,23,10,60,11
63,18,8,4,10,60,10
46,14,4,4,12,60,12
4,23,19,8,43,15,34
43,8,14,20,10,58,10
4,5,13,3,19,14,57
15,18,16,13,35,22,31
52,26,5,22,10,60,10
5,7,20,27,13,44,35
65,5,17,30,10,60,10
18,17,6,13,43,33,16
57,20,4,19,10,60,11
20,26,20,24,35,32,23
33,23,17,7,42,15,34
40,28,11,29,10,58,11
56,17,14,6,12,60,10
61,26,18,2,10,60,10
40,1,14,20,10,60,10
24,14,12,27,22,47,18
50,22,6,30,11,60,10
9,1,18,5,10,16,58
16,7,1,18,24,60,12
32,26,2,11,60,25,12
26,13,15,26,20,45,25
49,17,7,0,10,60,10
16,29,19,14,41,21,28
58,20,12,2,11,59,10
53,27,9,5,11,58,10
53,20,15,7,10,60,10
19,6,13,5,23,18,49
2,23,20,0,50,10,42
40,18,16,13,10,59,10
1,7,6,24,17,57,16
44,2,14,5,10,60,10
11,12,12,30,19,49,20
10,14,17,11,31,22,38
11,25,20,3,47,10,38
57,8,1,28,12,60,10
31,21,1,27,37,47,10
36,7,5,29,10,58,12
16,12,8,18,28,41,19
26,3,12,29,10,57,25
16,15,6,3,55,10,22
39,26,5,8,10,60,10
55,9,3,20,11,60,10
22,0,20,25,10,52,38
37,26,15,4,10,60,11
24,10,17,11,24,25,41
17,2,6,23,11,58,18
10,6,17,30,10,49,26
48,21,14,15,11,60,10
49,7,5,23,10,58,10
32,7,0,22,22,59,10
53,1,10,4,10,59,10
22,25,0,6,58,18,11
17,11,13,23,23,42,26
25,26,1,9,60,20,10
4,24,6,3,60,10,16
37,21,5,4,10,58,10
27,19,15,18,31,29,24
18,7,12,5,26,16,43
60,0,14,24,10,60,10
13,4,8,16,14,52,24
59,2,2,17,12,59,10
41,28,10,2,10,58,10
28,18,3,26,34,50,10
15,3,12,17,11,45,35
19,26,12,0,59,12,30
57,1,19,6,10,59,11
23,7,16,16,16,36,37
31,6,10,26,10,56,22
7,10,10,12,28,33,29
52,23,0,27,10,60,10
55,5,17,25,10,58,10
16,12,11,13,30,32,27
43,17,10,0,10,60,12
14,15,1,4,59,16,10
45,11,5,22,11,60,11
36,9,14,27,10,58,10
9,25,15,0,56,11,35
35,0,8,4,10,28,60
15,25,15,2,54,10,31
53,11,1,24,10,60,12
45,27,19,16,10,60,12
7,9,0,26,21,58,10
39,25,8,18,12,59,11
4,28,6,5,60,12,11
48,16,17,30,11,60,11
6,0,5,13,10,58,24
62,2,18,5,10,60,12
61,21,14,24,10,59,10
64,21,14,21,10,60,11
55,11,15,13,10,59,10
52,18,0,8,12,60,10
63,3,20,11,10,60,12
24,12,10,23,22,45,20
17,18,8,13,39,30,19
22,14,17,1,39,11,49
55,15,13,24,10,59,10
39,2,19,22,10,58,12
30,25,0,21,50,40,10
24,1,11,2,10,12,58
3,22,1,30,36,48,11
11,0,0,8,10,60,11
59,10,20,15,10,60,11
62,20,4,12,11,58,11
8,9,13,28,18,50,23
15,26,1,5,60,13,10
4,12,0,28,27,60,10
36,28,10,28,12,60,10
33,25,16,13,39,22,24
33,0,12,1,11,10,59
60,27,11,13,10,58,10
40,1,12,8,10,60,11
63,25,16,11,10,60,12
11,28,14,13,47,19,24
30,6,5,29,15,59,10
53,0,9,11,10,60,10
54,13,12,25,12,60,10
30,11,3,5,52,22,16
60,2,4,23,10,60,10
12,18,8,2,55,10,25
15,21,7,22,38,38,11
8,18,16,8,39,19,34
47,24,5,5,10,60,12
54,8,5,14,10,60,10
11,25,4,4,60,10,10
6,17,8,30,28,51,12
12,29,20,0,55,10,34
30,20,20,20,30,28,28
42,12,17,24,10,58,12
53,1,14,4,11,60,11
14,4,2,16,14,60,10
5,23,2,2,60,10,11
55,25,4,20,10,59,10
49,13,11,8,11,58,10
2,28,17,13,43,20,24
3,16,6,13,40,34,14
18,22,15,20,36,31,23
23,16,1,27,30,54,10
9,21,3,25,40,46,10
42,22,4,20,10,60,12
3,11,1,20,28,57,11
31,0,16,6,10,26,60
65,17,10,18,10,60,11
52,15,5,15,10,60,10
47,6,4,5,12,60,10
41,14,14,0,10,58,10
50,2,13,29,12,60,10
48,6,0,10,10,60,10
53,2,17,10,10,60,10
24,10,10,22,19,49,22
5,22,4,29,38,49,10
62,14,15,10,12,59,10
5,3,1,23,10,60,11
51,5,7,19,11,59,10
7,30,20,4,51,10,33
32,28,9,1,59,12,20
20,17,14,6,43,15,35
5,16,0,22,38,52,10
46,11,11,11,10,60,10
48,4,8,2,10,60,10
47,16,3,28,12,58,12
42,11,2,19,11,59,12
33,16,11,24,27,41,19
15,28,15,11,48,19,27
1,22,3,0,60,11,10
24,29,13,21,41,30,18
31,27,0,8,60,20,10
46,6,19,2,11,60,10
3,5,2,5,38,37,17
36,30,2,16,10,58,10
42,12,16,23,10,59,10
10,7,11,27,12,54,20
46,7,9,9,11,58,10
8,6,19,26,11,44,31
42,21,6,17,12,58,10
60,9,9,7,10,60,12
31,25,4,20,44,37,12
18,7,2,14,26,56,10
27,1,20,8,12,24,59
19,4,1,5,35,46,10
25,26,12,11,46,21,22
32,29,14,20,41,29,21
8,1,17,13,10,39,49
17,11,5,24,25,54,12
32,1,2,11,10,58,13
31,24,8,4,60,12,21
53,14,12,12,10,60,10
59,1,4,19,12,60,10
3,28,14,12,44,22,25
40,21,3,16,12,60,10
50,12,9,22,10,59,10
20,29,6,26,42,39,10
1,4,4,1,38,10,42
7,3,7,1,23,10,56
29,0,13,11,10,42,50
46,7,3,13,11,60,10
53,10,12,27,11,60,10
39,24,3,20,11,60,11
56,19,10,4,10,60,12
43,28,12,30,10,60,10
31,16,18,16,26,29,30
20,28,13,27,39,34,18
19,25,5,28,39,43,10
28,11,16,26,17,45,27
38,9,10,1,12,60,10
23,19,7,0,60,10,24
12,22,9,26,34,41,13
18,6,7,27,11,60,17
21,13,15,6,34,15,41
55,17,4,28,12,60,11
54,5,1,16,11,59,10
5,22,10,27,32,42,17
26,22,12,0,58,11,32
11,7,10,1,35,10,52
43,5,7,30,11,58,10
22,27,13,0,60,10,31
10,29,0,18,56,36,10
17,11,9,23,22,47,16
42,0,8,14,10,60,10
8,8,7,24,16,57,17
36,16,10,13,11,60,10
36,19,20,6,11,60,10
35,26,11,1,60,10,27
17,17,3,15,43,38,10
19,9,6,11,31,39,19
53,8,8,20,11,60,10
53,11,19,13,10,60,10
39,27,7,8,10,60,10
17,0,7,7,10,46,45
52,21,2,15,10,60,11
48,9,20,19,11,60,12
21,24,10,0,60,10,27
65,20,5,13,10,58,10
6,20,18,8,38,16,37
42,21,11,21,10,60,11
9,27,4,3,60,10,10
19,5,6,25,13,60,13
7,16,17,1,40,12,47
40,23,5,6,10,60,10
60,5,8,21,12,59,10
53,12,4,25,10,58,12
32,26,2,25,45,44,10
9,25,18,3,47,11,37
53,22,18,13,12,58,10
15,4,4,23,12,60,10
14,23,9,13,44,23,18
40,12,5,26,10,60,11
34,2,10,15,10,50,33
1,11,8,3,44,13,31
42,8,19,2,10,58,10
41,8,8,18,11,60,11
51,27,9,0,10,60,10
47,18,19,28,12,60,10
10,15,10,9,40,25,26
18,21,10,27,30,42,16
14,13,9,26,25,49,17
6,13,18,3,32,12,45
48,22,16,20,11,60,10
5,30,16,10,48,14,27
18,24,20,16,35,22,28
9,25,12,19,39,31,21
34,12,18,5,28,11,47
15,20,2,9,58,28,10
18,14,7,7,46,23,20
5,27,20,25,35,33,26
40,7,5,10,10,58,10
49,19,14,1,11,60,10
19,5,10,22,12,53,26
37,30,8,10,10,59,12
47,12,4,12,10,60,10
34,19,1,16,47,40,10
54,30,11,28,10,60,10
10,15,0,0,58,10,10
22,13,20,14,23,28,39
7,29,16,7,52,12,27
19,15,2,14,43,38,12
64,17,15,25,10,60,10
48,11,18,27,12,60,11
1,14,10,23,26,43,21
65,17,10,9,11,60,11
6,21,10,26,35,43,16
56,23,9,22,10,60,12
65,10,1,18,10,60,11
52,10,17,12,10,58,10
16,29,18,19,39,25,23
0,6,3,15,23,57,11
12,15,15,1,42,10,43
32,6,0,18,24,60,10
34,1,2,22,10,60,10
20,2,9,25,10,60,22
40,10,20,0,12,59,10
6,27,3,8,59,20,12
65,14,7,23,10,60,11
2,2,9,23,12,58,22
11,3,11,28,10,58,25
32,6,4,16,21,56,11
56,2,13,30,10,60,11
53,30,7,28,10,60,12
57,2,3,20,12,59,12
12,3,0,26,11,58,11
21,0,10,24,10,58,26
52,1,8,0,12,59,10
4,15,16,18,25,33,27
28,6,19,23,13,42,36
8,18,19,19,28,32,30
61,20,5,8,12,60,10
12,6,5,25,15,58,12
11,21,4,22,38,44,10
40,29,17,19,10,60,10
8,25,19,20,35,28,27
42,22,0,10,10,60,12
56,16,4,25,10,58,10
26,22,5,19,41,38,10
57,9,9,29,10,60,10
56,23,16,9,10,59,11
24,8,0,23,24,59,12
2,22,10,3,58,10,24
26,20,9,4,54,10,26
42,26,9,29,11,60,11
53,28,10,25,10,58,11
22,18,16,26,28,40,24
23,21,12,13,42,23,23
14,13,1,24,30,54,10
5,13,0,25,32,57,12
1,21,19,9,40,14,34
61,21,9,27,10,58,10
65,29,19,29,10,58,10
51,27,13,8,10,60,12
18,17,20,22,26,34,30
36,27,13,3,10,60,12
62,28,20,29,10,59,12
30,14,1,9,53,31,10
15,7,17,24,12,45,31
9,4,19,2,12,10,59
47,19,14,26,10,59,12
56,8,11,9,10,59,12
0,1,19,28,10,53,34
29,9,9,1,44,10,44
58,5,18,23,10,60,12
37,22,0,20,12,60,10
30,17,3,28,29,50,12
52,17,18,21,10,60,12
14,30,3,4,60,12,10
3,28,6,21,45,33,10
46,20,1,13,12,60,11
46,11,4,17,10,59,10
42,6,7,22,10,60,10
22,1,14,14,10,41,43
22,16,12,18,29,35,23
9,7,9,4,33,17,38
50,24,14,10,11,60,10
50,4,16,4,10,60,12
48,20,8,26,12,60,10
29,9,10,8,31,24,32
61,6,3,20,10,59,10
45,1,17,14,11,59,10
18,6,9,23,14,55,22
30,12,11,1,45,12,40
24,20,17,29,25,37,24
42,10,7,29,12,60,10
57,20,13,3,10,58,10
9,25,20,10,38,18,30
1,26,17,14,41,21,27
54,0,9,17,10,59,10
35,2,16,30,10,58,30
25,4,4,18,13,60,12
34,27,15,14,41,24,24
22,8,12,6,28,18,43
25,12,1,11,46,40,10
4,10,5,10,38,35,20
18,6,18,12,17,29,44
48,30,1,17,10,58,11
54,17,11,29,10,60,10
37,21,9,9,10,60,11
23,16,11,19,33,36,19
8,30,7,21,47,33,11
30,24,0,14,58,35,10
58,4,16,17,10,60,11
6,0,18,3,12,13,60
23,23,12,5,52,10,28
20,2,10,24,11,58,27
38,18,7,2,11,58,11
44,17,11,9,11,60,10
42,3,1,6,11,58,11
11,16,1,30,28,55,10
51,7,16,21,10,59,12
11,19,11,18,36,33,21
22,4,8,1,26,10,56
47,25,2,18,10,60,10
65,6,8,14,10,58,10
28,12,11,20,24,39,25
57,8,10,21,10,60,12
2,9,7,22,21,51,16
5,19,5,12,49,29,10
23,27,14,9,50,17,27
54,22,0,10,10,60,12
5,28,3,2,59,11,12
53,13,14,14,10,58,10
8,30,5,29,42,38,10
65,28,17,27,10,60,10
21,19,0,4,58,16,10
47,16,15,23,10,60,10
10,0,8,23,11,59,24
29,6,11,0,30,12,56
16,17,18,4,37,10,43
4,17,0,7,60,28,10
10,28,7,2,60,11,15
13,23,6,6,59,17,16
58,28,18,17,12,59,12
56,2,17,24,11,60,10
18,17,5,18,39,38,10
53,14,13,11,11,60,10
60,9,15,20,10,58,10
43,3,12,30,11,60,11
20,11,5,28,20,56,10
65,13,20,10,10,59,10
55,6,17,30,10,60,10
3,11,17,24,18,40,29
14,30,12,14,47,24,17
63,9,20,18,10,58,10
25,13,16,1,40,12,47
60,4,1,12,11,60,10
25,1,4,17,11,60,14
37,28,0,28,12,58,11
19,7,2,15,26,54,10
62,13,11,28,10,58,10
21,29,17,27,37,32,20
15,8,20,21,14,40,35
0,3,4,8,16,47,26
13,12,19,20,20,34,33
44,10,11,9,12,60,10
30,25,9,30,37,42,14
22,12,10,21,26,43,19
65,5,9,9,11,60,12
9,4,12,29,10,60,22
9,16,19,1,39,10,45
48,3,16,10,10,60,12
4,27,10,17,46,29,15
55,14,19,0,12,58,11
14,16,4,10,50,30,10
50,2,13,13,10,58,10
31,8,11,22,17,48,26
31,7,1,16,24,58,10
34,6,4,28,12,59,11
26,2,11,12,11,45,40
4,6,18,10,14,24,46
22,14,0,18,39,49,11
17,5,8,29,11,59,16
56,9,12,27,12,60,10
54,1,10,21,10,59,12
30,27,13,22,37,30,17
16,3,16,3,10,10,60
64,20,5,9,11,60,10
30,19,9,20,33,38,17
29,6,12,9,18,29,38
31,19,6,24,33,45,11
27,30,17,28,35,32,22
45,26,16,1,10,60,10
65,8,16,5,10,60,10
63,6,2,29,10,60,10
51,28,20,18,12,59,10
10,0,17,23,10,53,40
7,24,11,9,47,16,20
25,27,19,0,50,10,35
31,29,17,21,39,30,22
16,30,5,14,55,27,11
29,17,3,8,54,27,12
20,17,11,9,43,22,27
14,4,16,24,10,50,31
4,19,18,11,34,20,34
9,2,16,4,10,15,60
18,0,5,28,10,60,11
26,18,6,10,49,27,14
35,23,8,2,58,11,20
15,12,4,22,26,53,10
39,18,14,25,10,60,10
58,23,19,28,10,58,10
44,27,16,21,10,59,10
59,22,18,18,10,58,10
6,11,9,19,24,43,20
42,17,18,16,12,58,10
20,3,15,8,12,29,49
55,15,11,3,10,60,12
32,8,10,2,38,10,46
54,22,3,28,10,58,10
63,19,17,29,12,60,10
54,22,9,7,10,60,10
60,15,10,29,10,60,12
10,24,4,9,57,21,10
21,9,6,25,22,54,13
0,11,10,11,28,28,30
44,14,19,23,11,60,11
45,17,1,30,11,60,11
54,10,4,30,12,60,10
43,24,11,14,12,60,11
10,5,18,7,14,21,56
28,15,3,30,28,55,10
34,16,16,15,31,30,29
9,16,13,2,48,12,39
23,30,13,21,43,29,20
6,5,9,27,10,58,19
27,10,12,13,26,31,32
19,28,8,24,43,36,13
27,4,14,1,19,11,58
10,13,2,24,32,56,11
25,23,9,26,35,41,13
45,3,13,7,10,59,10
14,22,3,5,60,17,10
1,12,12,5,36,14,37
61,29,2,1,10,60,10
32,13,20,5,31,12,45
30,2,3,1,29,13,44
30,21,18,16,33,26,28
64,5,10,30,10,60,12
29,11,19,6,29,14,45
58,7,9,21,11,58,10
44,23,10,4,10,60,11
62,2,11,6,10,60,10
48,8,1,1,12,60,12
64,19,10,12,10,60,10
15,5,5,27,13,58,10
4,15,20,25,23,38,31
47,10,10,21,11,59,10
29,15,8,22,31,43,17
53,15,11,12,10,60,12
53,3,16,12,11,60,11
43,17,5,3,10,60,12
49,7,7,25,11,60,10
9,23,6,1,60,10,20
38,27,17,6,12,59,11
19,26,17,21,34,27,24
43,1,12,15,10,60,10
16,6,14,10,20,28,43
18,27,17,1,56,10,32
50,13,14,30,10,60,12
51,0,20,19,10,59,11
53,16,7,15,10,60,10
5,10,8,27,20,55,15
52,18,7,11,10,59,11
40,15,17,12,12,58,11
26,10,18,3,29,10,50
51,18,10,18,10,59,10
44,5,16,3,10,60,12
0,16,19,27,22,41,26
29,27,10,7,57,14,22
4,18,18,6,39,13,40
54,13,18,12,10,58,10
49,17,2,8,10,58,10
9,6,15,22,12,47,31
0,4,19,14,10,36,45
31,13,9,3,44,10,32
53,7,16,26,11,60,10
49,14,8,0,11,60,10
27,17,19,1,41,10,44
20,15,19,8,30,18,39
3,20,5,17,40,37,10
34,28,14,25,35,35,18
36,4,4,2,11,60,11
58,6,3,1,12,60,10
16,29,5,22,48,37,10
12,10,0,8,48,38,10
7,11,0,20,33,60,12
12,7,3,5,42,31,20
8,16,13,7,41,16,34
42,17,16,25,10,60,12
53,22,10,20,11,58,10
53,16,7,15,10,59,10
57,23,3,2,12,59,12
55,20,9,26,10,60,10
30,28,5,28,39,42,10
16,11,15,24,17,42,28
13,2,13,19,11,51,32
32,14,7,9,41,27,21
15,28,0,17,54,33,10
48,24,9,25,11,58,10
1,26,11,6,55,12,22
58,3,6,19,11,60,10
19,26,0,5,60,14,10
52,9,1,2,12,60,11
29,25,19,28,30,34,23
26,24,13,23,36,34,21
19,9,9,25,16,54,18
2,23,17,26,30,33,21
15,3,12,8,10,32,48
56,25,19,22,10,59,10
14,11,7,8,40,25,22
37,25,20,14,10,58,11
59,12,5,27,10,60,10
51,25,9,14,12,58,10
29,21,1,14,52,36,10
28,26,7,19,47,31,11
24,18,2,3,60,13,12
30,22,3,25,41,47,11
34,23,0,2,58,12,12
60,6,7,17,10,60,10
13,6,19,30,10,51,33
55,17,4,24,10,60,10
38,22,8,25,11,60,12
58,15,4,18,10,59,10
38,24,20,12,10,60,10
23,7,14,11,20,30,37
23,15,14,9,33,20,33
18,15,6,2,60,10,22
29,22,0,26,41,49,12
27,10,8,8,34,26,29
15,21,12,27,29,41,19
25,4,6,29,12,58,14
40,15,2,0,10,59,10
50,12,20,11,10,58,10
48,1,7,30,10,59,10
51,1,14,3,11,60,10
17,26,6,0,60,10,15
40,14,12,13,11,60,10
7,19,5,15,43,34,10
12,17,10,20,32,38,20
30,6,13,26,14,49,25
2,0,1,0,12,10,60
38,1,0,4,10,60,10
29,17,6,16,37,38,13
18,30,0,9,60,22,12
50,11,18,5,10,60,10
22,13,20,22,22,34,33
10,4,17,27,10,52,31
22,3,13,2,15,11,60
52,26,10,15,10,58,10
11,13,2,9,46,31,10
8,15,14,23,27,37,26
31,18,13,22,32,38,21
46,8,11,12,10,58,10
60,12,10,13,10,58,11
24,7,17,21,12,41,36
38,27,16,21,12,60,12
33,26,19,10,40,15,30
21,29,0,26,46,44,10
6,8,15,25,15,45,27
45,7,19,2,12,60,12
6,25,0,13,58,32,12
9,25,5,30,39,43,10
2,15,8,13,36,33,20
1,12,8,25,24,52,17
59,21,3,2,10,60,12
31,15,12,18,31,34,22
56,8,6,11,11,60,11
14,29,8,23,41,35,12
35,13,6,24,28,52,11
42,9,20,22,11,60,11
24,11,13,2,38,11,44
32,17,10,5,47,13,26
7,18,16,14,35,25,32
62,15,9,26,10,60,10
41,12,13,5,10,59,10
42,7,13,17,10,60,10
42,24,15,0,10,59,10
24,2,13,13,10,39,39
53,21,12,29,11,60,10
48,6,13,23,10,60,12
60,7,13,24,10,59,11
34,22,11,26,32,40,17
10,8,2,9,35,43,10
55,14,15,12,10,58,11
18,12,12,12,32,29,29
26,26,0,8,59,19,11
50,6,2,18,11,60,10
50,4,20,25,11,59,12
47,8,0,5,11,60,10
41,9,11,21,11,58,10
9,23,19,11,38,16,33
20,19,12,28,30,43,17
34,29,0,2,58,10,10
40,17,16,14,10,60,10
17,9,2,17,29,55,10
27,24,18,8,43,12,34
25,12,8,6,40,18,25
19,12,2,24,26,56,12
4,26,9,26,37,40,12
6,15,19,2,39,10,47
35,24,14,30,33,40,20
8,14,8,17,31,37,19
33,2,1,7,16,59,12
53,20,20,12,12,60,10
15,13,4,24,29,51,10
3,21,0,23,42,46,10
38,14,4,9,10,60,11
41,10,14,4,11,60,10
7,15,4,22,34,48,12
10,6,19,15,11,31,41
57,12,4,25,10,60,10
24,27,7,5,60,12,15
65,18,16,29,10,58,11
61,27,6,29,10,59,10
56,14,6,30,10,58,10
55,6,2,3,10,60,10
13,22,9,25,37,41,12
7,11,7,25,24,53,12
0,19,12,18,33,33,20
27,8,11,19,17,47,28
65,18,11,0,11,60,11
41,24,9,11,11,60,10
3,1,6,20,10,58,20
22,19,7,4,58,13,22
7,30,2,6,58,16,11
15,8,20,0,23,10,59
52,4,3,9,10,59,10
12,18,13,4,48,10,33
48,30,16,20,10,58,11
44,17,5,30,12,59,10
10,2,2,13,10,58,10
2,9,19,25,17,41,30
14,22,4,11,52,26,10
6,13,4,10,42,31,13
48,24,13,10,10,59,10
61,25,18,29,11,60,11
20,14,10,25,24,45,17
64,10,7,27,12,60,10
50,10,20,4,10,60,10
27,17,16,10,35,19,34
22,10,2,7,49,31,10
44,15,0,3,10,58,11
30,2,17,0,11,12,60
24,21,20,5,39,10,37
30,11,20,25,17,40,33
18,9,12,1,36,10,50
50,4,6,6,11,60,10
65,25,14,28,10,58,10
58,3,6,3,11,60,11
53,9,5,0,10,58,12
5,24,11,15,43,25,21
62,30,16,0,10,58,12
58,18,9,29,12,58,10
10,10,4,27,22,58,11
18,1,5,30,10,60,10
27,29,20,27,35,31,25
18,23,20,4,45,10,37
14,17,3,14,45,39,10
2,9,5,26,19,59,10
20,2,1,8,18,59,10
49,30,18,8,10,60,10
43,11,14,21,10,60,10
53,16,18,11,12,59,10
18,22,13,30,32,43,20
44,19,19,28,10,59,10
39,25,17,20,11,59,10
15,5,7,30,10,59,15
25,13,1,8,51,33,12
23,7,6,22,18,58,13
30,9,16,28,14,46,26
27,7,16,30,11,51,28
5,4,17,10,12,27,50
7,6,18,21,11,41,35
11,13,15,11,28,24,35
7,28,17,24,36,30,22
26,24,16,23,32,34,21
33,23,12,21,34,35,20
47,14,10,25,10,58,10
33,23,6,2,58,10,18
11,2,9,4,13,22,54
11,23,12,16,39,29,23
65,7,5,10,10,59,10
59,8,19,30,10,58,11
5,13,1,15,41,47,11
30,7,6,15,20,47,21
17,22,10,10,47,23,21
18,1,10,23,10,59,25
4,7,20,11,15,24,45
31,3,20,21,11,42,42
14,7,17,2,26,10,59
3,4,18,27,10,51,34
19,1,5,12,12,60,27
61,8,10,13,10,60,10
51,15,8,4,11,58,12
49,7,0,18,11,60,10
34,6,14,30,10,56,25
65,20,13,8,10,60,10
27,10,16,1,35,10,55
63,24,4,10,10,59,12
10,13,15,0,39,12,50
46,23,5,26,10,59,10
37,14,7,0,11,60,11
24,29,6,7,60,17,14
52,9,16,8,10,60,12
10,16,18,25,25,37,29
24,7,18,7,19,20,50
61,29,11,18,10,59,10
18,22,16,17,37,28,28
21,13,7,12,37,31,21
65,23,0,8,11,60,10
65,4,13,2,10,60,11
62,22,12,21,10,58,10
19,29,13,22,41,28,17
33,23,12,22,37,33,20
23,24,16,24,35,31,23
24,8,14,0,31,10,55
0,30,7,5,59,10,15
0,16,2,24,32,50,10
7,20,0,22,42,47,10
40,7,19,24,10,60,12
53,19,14,4,10,59,10
46,15,14,26,12,58,12
13,0,12,29,11,60,26
42,8,14,4,10,60,10
57,22,18,21,10,59,12
47,17,8,6,10,60,12
33,12,3,8,47,29,10
20,25,6,20,44,33,11
62,1,2,29,10,60,10
35,15,20,5,34,11,45
62,13,10,29,10,60,10
3,12,17,1,36,11,52
3,24,13,13,44,24,21
3,12,2,30,23,58,10
4,25,19,22,32,32,26
37,19,9,9,10,60,10
44,13,1,26,10,60,10
53,7,9,27,12,58,10
16,5,14,16,11,39,38
60,30,13,10,10,59,10
9,21,5,3,59,10,15
47,27,19,22,10,60,11
54,1,10,8,11,60,10
43,24,11,4,11,60,11
0,16,13,21,27,35,24
26,21,16,30,29,42,20
16,23,12,27,32,38,17
31,1,12,4,10,19,60
55,10,16,15,11,58,10
42,1,13,16,12,60,11
55,20,8,12,10,59,10
49,26,3,16,11,60,10
50,27,9,4,11,60,10
43,11,11,5,10,60,10
19,16,17,27,26,39,25
44,0,20,12,10,59,12
26,12,2,6,53,26,10
41,27,3,27,12,60,10
47,7,16,10,10,58,10
24,6,6,22,13,56,13
28,12,2,18,32,52,10
53,30,17,4,10,60,10
32,19,10,3,53,11,28
13,7,9,8,26,29,34
25,4,1,25,11,60,10
10,24,13,11,45,21,23
2,3,1,0,60,12,23
4,19,17,17,30,27,29
10,5,1,11,26,58,11
65,26,10,0,10,58,10
49,23,0,14,10,60,10
16,3,15,8,12,28,49
34,7,18,29,11,50,29
22,18,6,29,31,49,10
12,14,13,20,28,36,22
13,19,3,8,59,22,12
60,28,8,28,11,60,10
31,10,10,17,23,40,25
3,10,5,19,27,50,15
12,25,20,10,41,15,31
21,24,1,24,44,44,10
45,22,17,7,11,58,12
34,30,8,29,39,37,11
33,0,9,20,12,60,29
55,11,14,30,10,58,10
65,19,14,8,11,60,12
49,19,9,24,10,58,10
58,20,7,9,12,60,10
49,1,8,14,10,60,10
62,22,6,11,11,58,10
60,17,5,17,10,60,11
29,27,2,29,39,44,12
59,23,16,15,10,59,12
45,22,4,4,11,58,12
20,6,13,8,18,24,45
6,9,4,19,25,51,10
57,12,13,29,12,60,11
29,14,8,12,38,31,22
3,26,1,14,59,30,10
34,23,13,16,37,29,24
49,26,12,2,10,60,10
20,4,8,10,15,38,32
24,18,19,5,38,12,41
60,25,7,24,10,59,10
17,1,3,30,10,60,11
1,7,4,0,55,10,31
60,4,12,25,12,60,12
63,15,18,25,10,59,10
10,0,13,11,10,40,48
0,9,12,11,26,31,31
43,1,7,4,12,58,10
0,21,11,2,56,12,29
12,9,13,20,17,42,27
3,4,9,13,11,43,29
34,3,1,30,11,60,11
28,5,2,12,24,56,10
12,24,13,4,54,10,26
5,28,6,15,53,26,13
8,9,12,24,18,49,25
34,15,13,24,27,40,20
58,20,7,21,10,60,10
14,12,9,20,27,42,18
47,23,15,30,12,59,12
17,16,10,6,43,14,30
18,0,20,20,12,45,47
9,10,2,21,25,59,10
53,5,7,11,10,58,10
40,25,18,18,10,60,12
16,18,13,29,27,43,20
38,0,8,26,10,60,12
45,4,1,15,11,60,10
36,26,19,17,10,58,11
49,9,10,16,10,60,10
49,19,14,18,10,60,12
33,25,17,23,36,32,25
48,0,7,7,10,60,12
6,20,14,16,35,26,25
57,30,10,12,10,58,11
12,11,13,7,32,21,39
39,12,7,27,10,58,11
34,11,1,2,59,11,10
7,18,15,12,36,24,29
62,14,5,28,10,60,10
2,8,15,2,26,10,56
5,20,9,10,46,22,20
19,24,1,18,50,37,10
51,18,4,29,12,60,10
5,26,0,12,58,28,10
50,14,1,17,10,60,11
6,13,11,14,31,34,24
20,1,10,1,10,10,60
27,17,5,18,39,38,10
62,17,6,25,10,60,10
38,9,5,23,11,58,11
29,6,2,23,19,60,12
36,14,5,18,12,59,10
16,17,19,2,40,10,44
55,23,6,3,10,60,10
14,14,6,14,39,35,13
13,21,6,17,41,33,12
14,22,11,17,39,29,17
25,25,14,28,31,39,17
26,26,2,8,60,21,10
16,12,16,5,30,15,42
48,11,6,13,10,60,10
32,2,11,7,12,29,50
52,1,1,9,10,60,10
12,8,3,7,42,36,14
57,6,19,14,10,58,10
24,3,8,19,11,58,22
25,0,7,19,10,60,23
14,11,4,13,37,39,14
5,0,14,0,12,10,58
49,8,13,0,11,59,10
48,29,3,7,10,60,10
52,25,16,16,10,59,11
3,16,2,23,34,51,10
40,6,17,19,10,60,10
58,11,13,14,12,60,10
12,25,20,14,37,23,32
65,0,14,26,10,60,11
3,5,7,16,15,49,24
0,19,19,12,35,20,35
41,24,15,25,10,60,11
34,18,0,10,56,33,12
22,29,1,3,58,12,11
54,22,4,7,10,60,12
19,0,4,0,12,10,60
31,1,16,27,11,55,32
60,5,13,2,10,60,10
62,27,13,11,11,58,10
62,25,8,19,10,60,10
50,15,5,21,11,60,10
23,29,14,21,38,30,18
27,29,11,9,51,18,18
54,22,4,6,11,60,10
56,1,17,16,12,60,10
15,29,14,0,60,10,30
16,25,0,29,39,46,11
10,20,7,10,46,26,15
30,27,17,9,44,15,29
59,7,16,16,10,60,12
27,19,18,11,33,19,32
5,21,2,3,58,11,10
57,10,5,30,10,60,10
44,18,20,29,10,59,12
26,30,16,15,45,22,23
2,2,1,3,32,44,13
2,13,11,30,19,49,19
25,7,19,18,14,37,40
14,25,11,12,46,20,18
11,18,5,12,47,29,10
34,8,10,29,16,53,19
20,16,17,9,33,18,35
21,28,16,13,45,18,24
19,14,2,15,42,43,12
27,1,2,4,12,50,25
35,8,0,21,25,59,10
10,10,11,0,44,10,45
10,4,5,12,19,53,20
11,14,17,18,23,34,29
28,11,3,22,26,53,10
8,27,4,18,51,32,11
1,23,2,19,47,40,10
52,4,1,11,10,58,10
42,25,7,25,11,58,11
30,23,19,14,37,24,32
39,26,13,19,10,60,10
56,27,2,25,10,60,11
49,7,5,18,10,60,10
7,15,15,8,33,20,33
10,0,9,27,10,60,23
23,21,10,4,54,10,26
26,2,19,19,10,41,43
61,12,18,3,10,60,11
22,27,10,23,42,36,15
19,11,4,21,27,51,10
53,5,15,27,10,60,10
55,26,19,1,11,60,11
59,1,13,26,11,60,12
31,13,4,6,52,22,13
63,17,0,30,10,58,10
65,30,15,19,10,60,10
32,1,14,8,10,29,54
36,9,11,26,12,60,10
47,18,19,26,10,60,10
47,19,19,14,10,59,10
57,18,6,5,10,59,10
37,8,15,27,12,58,11
7,9,10,22,20,50,21
13,16,19,19,28,29,32
41,16,13,27,11,58,10
41,16,14,8,12,60,10
63,14,16,13,10,59,12
7,6,2,9,33,48,12
18,24,9,20,41,34,15
10,4,7,30,10,58,16
45,16,5,6,12,60,10
34,27,4,4,59,10,10
23,6,19,10,16,23,48
64,22,10,26,10,60,10
24,29,9,25,43,34,10
35,12,7,27,23,54,13
33,21,6,25,36,42,10
27,21,11,7,46,14,23
17,28,1,10,60,21,11
4,25,9,1,60,12,23
30,11,13,8,29,21,34
18,21,6,17,42,34,13
3,12,11,24,20,47,22
9,9,6,13,30,42,21
0,24,16,20,37,32,26
49,23,8,6,12,60,10
62,9,4,0,10,58,12
3,18,12,5,46,10,31
60,23,1,6,10,60,11
48,2,14,7,10,58,11
60,14,8,23,10,59,10
39,10,0,9,10,58,10
5,26,1,12,60,26,11
61,9,13,15,10,60,11
20,17,17,5,39,10,39
58,11,10,11,10,60,12
49,24,8,27,11,60,10
35,26,12,18,42,28,21
42,12,18,9,12,60,10
50,23,7,19,11,60,10
62,9,10,15,11,60,10
36,28,14,12,10,59,10
11,19,0,5,59,20,11
54,29,7,11,12,60,11
1,27,15,26,33,33,18
60,8,11,15,12,59,11
30,7,10,21,14,47,22
19,22,0,10,60,27,11
49,25,12,29,12,60,12
14,25,0,21,47,43,10
20,7,0,1,60,12,10
27,29,2,8,60,19,10
31,6,2,13,24,55,10
22,2,6,25,10,60,15
11,5,7,14,18,48,26
5,1,2,26,10,60,10
24,26,8,13,50,25,16
36,22,11,27,10,59,12
4,5,7,13,16,46,23
45,28,14,4,10,60,12
47,12,2,6,10,59,10
18,0,14,18,10,48,39
17,8,2,3,54,19,12
6,18,1,30,31,55,10
1,27,15,7,50,13,29
13,24,10,17,40,29,16
36,1,20,21,12,60,11
52,29,18,17,11,60,10
51,9,8,15,12,59,11
28,22,7,6,54,15,16
7,27,9,13,48,22,18
57,7,20,21,10,58,10
0,12,16,20,21,35,28
31,28,17,20,36,27,21
51,28,8,1,10,60,10
31,15,9,22,28,45,19
45,26,17,1,10,60,10
18,9,16,26,14,47,28
55,9,20,28,12,60,10
55,9,2,19,11,60,10
20,15,5,11,41,31,16
19,2,2,25,10,59,11
11,10,17,20,18,39,33
48,30,19,3,10,60,10
57,14,19,12,11,60,10
31,11,17,4,30,12,47
13,8,17,5,26,13,49
1,30,9,2,60,10,18
19,25,3,18,46,35,10
22,18,17,30,25,40,23
33,16,11,11,36,24,24
18,25,2,6,60,14,10
23,12,7,22,25,47,14
7,3,0,30,10,60,10
22,10,18,26,17,43,30
16,4,10,30,10,59,22
20,26,10,14,48,24,19
60,2,8,21,10,58,10
62,21,9,7,11,60,11
39,10,7,20,10,60,10
9,6,1,24,16,58,10
45,24,3,23,10,58,10
0,13,4,27,27,55,10
53,10,12,24,11,60,10
51,16,14,9,10,60,11
15,3,6,27,12,58,15
65,20,8,21,10,60,12
9,4,4,10,21,51,18
53,25,20,21,11,59,12
32,6,3,3,43,21,20
43,7,12,14,11,59,10
41,25,2,8,10,60,10
55,17,19,2,11,59,12
7,23,6,18,45,32,11
9,17,17,18,31,29,30
49,26,17,15,10,59,11
43,0,14,21,10,59,10
63,1,12,19,10,59,11
42,23,2,3,10,60,10
36,3,16,15,10,60,10
39,10,12,25,12,60,10
25,0,5,24,10,60,16
52,30,19,14,10,60,10
61,16,1,3,10,60,11
2,12,16,2,38,10,46
20,4,20,22,10,41,37
46,12,2,26,10,59,10
64,17,6,16,10,60,10
51,17,19,20,10,60,10
61,28,20,15,10,60,10
62,19,11,20,10,59,10
28,6,16,24,13,45,29
34,25,0,30,39,50,11
30,14,2,27,27,54,10
38,6,9,30,10,60,10
27,16,6,0,58,11,26
48,28,5,21,10,60,10
50,14,5,23,10,59,10
10,24,13,27,35,35,17
30,22,7,4,60,11,19
2,3,7,27,12,60,18
0,19,14,28,28,41,19
1,17,10,22,31,40,18
34,1,17,21,11,46,38
23,21,18,19,31,27,28
0,19,20,17,29,25,33
12,16,9,1,57,11,30
0,18,16,7,38,16,37
11,19,15,15,33,27,29
8,0,15,20,10,49,36
35,7,0,26,19,58,10
48,19,1,9,10,60,10
3,27,11,8,53,15,23
65,17,2,12,10,60,10
6,24,12,2,58,12,27
43,14,17,15,11,58,11
62,9,4,26,10,60,10
11,7,7,5,31,23,35
57,10,1,20,10,60,10
50,21,6,18,10,58,10
41,23,19,9,11,60,12
52,29,5,11,12,60,12
28,9,16,25,16,45,26
16,27,4,26,42,40,10
12,6,11,13,17,37,33
12,10,5,23,24,56,10
29,23,16,17,37,25,27
62,25,10,30,10,60,10
40,20,19,14,10,60,10
13,27,9,8,56,16,20
33,29,6,3,60,10,13
47,22,10,14,12,58,10
11,3,13,25,11,56,29
21,1,20,9,10,27,58
10,2,10,0,13,12,60
62,7,15,0,11,60,10
61,12,3,3,10,60,10
18,23,2,22,43,42,10
22,15,13,22,29,41,25
22,6,19,18,14,35,41
56,9,8,1,10,58,10
20,17,20,22,23,33,32
63,10,1,5,10,60,12
11,23,12,3,56,12,30
26,28,12,4,57,10,22
37,7,10,6,10,58,10
32,30,13,5,58,10,24
16,30,13,15,46,24,21
34,20,16,8,42,16,33
53,11,5,3,12,60,10
48,16,18,20,10,60,11
28,19,19,2,40,11,42
34,28,14,15,45,25,24
11,18,11,8,44,20,24
46,6,15,21,10,60,11
18,17,12,19,30,34,21
16,9,14,7,25,23,44
44,7,17,30,11,60,10
64,22,11,23,12,60,12
48,11,16,8,11,60,12
10,19,4,26,32,47,12
61,20,5,9,10,58,12
62,13,6,29,12,60,10
14,23,8,25,38,42,11
45,13,19,17,11,60,11
18,22,1,25,40,45,10
59,30,4,1,11,60,10
7,7,0,20,22,60,12
44,19,1,5,10,60,10
13,22,13,0,57,11,34
32,21,6,9,53,21,13
20,2,17,28,11,54,34
8,10,1,17,31,54,10
46,6,3,27,10,60,10
52,28,19,3,12,58,10
17,10,18,29,16,43,29
0,12,1,15,39,49,10
19,23,13,17,38,30,20
24,15,12,24,26,42,19
7,4,7,5,23,27,41
42,9,7,20,11,59,12
37,14,0,28,10,60,12
47,23,10,24,11,59,10
47,2,14,9,10,59,12
39,23,16,26,11,60,12
49,0,14,29,10,60,10
2,20,10,6,51,14,23
40,6,15,9,10,60,10
28,7,16,19,14,40,33
9,2,14,22,10,52,33
43,29,3,16,12,60,10
33,6,11,14,18,41,30
7,6,15,24,11,50,32
38,21,3,19,12,60,10
49,23,5,9,11,60,10
33,5,17,23,10,44,35
39,27,8,19,11,60,10
62,4,16,26,10,59,10
1,14,20,29,22,43,26
18,28,20,6,46,11,33
19,4,12,26,10,57,27
61,29,0,15,10,60,12
27,28,11,5,58,10,23
42,23,11,3,11,58,10
58,4,20,29,10,60,12
43,21,10,1,10,58,12
62,20,0,13,10,60,10
42,0,12,24,10,60,10
4,20,4,18,44,40,10
37,12,11,9,12,59,12
26,1,13,29,12,59,29
28,7,11,29,14,56,23
64,3,18,25,10,60,10
53,16,6,18,11,60,10
43,1,8,19,10,59,10
8,20,11,5,52,13,29
32,13,11,1,44,11,40
53,1,14,4,12,60,11
46,7,7,8,11,60,10
64,29,10,4,10,60,11
8,9,16,23,18,43,30
16,14,11,11,37,25,29
10,14,10,12,34,31,27
25,18,4,26,33,50,11
43,2,16,23,10,60,10
46,15,4,14,11,60,10
18,25,20,1,47,11,39
25,24,7,23,41,38,13
62,0,15,3,11,60,10
39,15,18,5,10,58,10
35,26,13,8,48,16,25
44,11,9,8,10,60,12
31,1,8,10,11,48,35
64,17,6,27,10,60,10
42,24,9,7,10,60,11
64,1,16,28,12,60,10
33,21,1,12,55,32,10
55,18,11,6,11,59,10
51,1,8,20,11,60,10
43,16,10,9,10,59,10
48,19,17,11,10,60,10
54,27,9,21,12,60,10
57,26,0,20,11,58,11
19,3,11,28,10,60,22
6,6,17,20,10,42,34
20,3,1,4,32,46,13
26,1,0,26,12,60,10
36,12,19,24,10,58,10
3,19,15,17,35,32,26
17,25,5,8,60,17,10
20,9,15,4,26,12,50
53,19,2,22,10,59,10
44,26,12,5,10,58,12
61,30,18,12,12,60,11
2,19,16,15,34,29,30
34,8,2,1,58,11,16
63,0,15,4,10,60,11
51,19,10,14,11,60,10
21,14,14,3,40,10,40
41,10,4,25,10,60,10
42,12,12,11,10,60,11
55,24,2,23,10,60,12
65,8,2,30,10,60,12
11,4,11,6,17,27,45
16,10,8,22,21,49,20
62,30,8,30,10,60,12
8,3,9,18,10,52,25
54,10,0,6,10,60,11
38,1,7,1,10,60,10
15,13,4,11,40,37,10
54,25,18,25,12,60,10
37,29,12,27,12,58,10
11,14,10,28,22,46,18
16,14,17,19,25,32,32
57,8,19,15,12,60,10
41,29,14,3,10,60,12
12,25,11,9,50,16,23
44,4,5,10,12,60,10
10,28,8,2,58,11,17
9,14,8,26,25,50,13
29,10,2,24,27,59,10
52,27,17,18,10,59,10
17,2,5,20,10,60,14
45,9,14,8,10,58,10
65,3,9,0,10,60,10
60,21,4,29,11,59,12
63,24,2,2,11,58,10
21,21,0,13,53,33,12
36,3,1,7,10,59,10
60,29,14,23,10,60,12
2,28,8,0,60,11,20
27,19,19,30,24,37,27
27,21,14,20,36,32,24
56,25,16,22,10,59,10
18,20,14,2,52,10,34
59,12,8,13,10,60,10
52,2,2,29,12,60,10
45,4,5,15,12,60,10
40,17,14,4,10,60,10
19,30,20,23,34,29,22
43,22,16,23,10,60,10
52,26,16,5,11,60,10
21,12,19,4,32,12,50
35,24,16,13,40,20,27
45,27,4,30,10,59,10
63,29,20,24,11,59,12
22,19,3,10,51,29,10
57,5,8,13,11,58,10
28,27,2,23,46,39,12
45,8,19,8,10,60,10
58,27,6,17,10,60,10
59,5,19,1,12,59,12
7,3,2,17,13,60,11
50,28,10,24,10,58,11
12,17,18,6,36,12,41
2,8,6,16,24,48,19
17,28,11,23,41,34,17
13,26,10,10,49,20,17
42,24,18,28,10,60,12
50,26,4,24,10,60,10
10,26,4,10,57,22,11
4,13,10,13,31,34,24
25,17,2,12,50,32,10
33,25,1,15,56,33,10
5,29,16,16,40,25,21
32,14,20,15,23,27,37
46,1,0,12,12,58,10
29,12,4,16,33,43,12
48,15,1,13,12,60,10
12,10,17,11,24,25,40
11,9,20,7,21,16,49
65,27,5,13,10,58,10
29,26,9,23,40,35,11
40,9,8,4,11,58,10
25,4,5,23,13,60,15
1,18,15,24,28,37,21
56,19,4,28,10,60,11
26,22,19,25,32,34,26
0,29,18,14,40,19,28
30,13,16,10,28,24,34
38,7,5,24,10,59,12
31,13,8,3,49,13,28
14,15,13,7,39,16,34
47,10,13,17,10,60,10
63,2,5,20,12,59,12
41,11,1,18,10,59,10
25,24,11,19,41,31,20
24,13,18,0,38,10,52
51,9,2,23,12,60,10
54,15,14,17,10,60,10
62,4,4,2,10,58,10
19,10,9,2,42,10,39
26,30,13,18,46,25,20
17,4,8,3,22,18,50
30,4,5,27,10,58,13
60,24,11,29,12,58,11
37,8,1,19,10,60,11
23,15,12,9,37,20,28
36,25,1,1,10,60,10
24,22,4,25,36,46,11
21,4,18,5,12,14,60
24,12,12,9,34,22,32
20,22,6,6,58,16,13
19,5,12,4,21,17,53
64,2,7,27,10,60,10
11,13,4,30,26,57,10
32,25,7,22,42,34,12
57,25,11,19,12,60,12
12,28,12,3,60,12,27
43,4,6,1,12,59,10
17,30,4,8,60,16,10
27,0,2,23,12,58,10
45,13,13,3,11,60,12
0,21,4,11,50,25,11
33,3,6,7,14,39,31
13,22,8,23,36,37,11
64,29,6,23,10,59,10
11,8,11,20,16,44,27
31,17,4,13,43,35,10
38,25,11,17,12,60,10
4,20,12,12,42,25,22
62,0,3,18,10,60,11
4,1,16,29,11,56,29
49,18,16,18,12,60,11
57,0,12,6,10,58,12
50,28,1,0,10,60,10
36,10,7,21,10,58,10
57,12,15,30,10,60,10
3,13,13,22,26,41,22
8,5,4,1,44,12,38
34,2,1,13,10,60,12
12,4,14,22,12,49,29
16,10,4,12,32,43,12
33,8,9,12,23,39,27
58,27,19,7,10,59,10
9,4,9,8,19,32,40
28,1,20,29,10,52,35
34,11,2,15,37,48,10
55,29,20,6,10,60,10
63,26,8,23,10,60,11
28,20,19,9,38,18,35
4,9,7,28,20,57,13
0,23,2,26,42,46,10
3,19,10,24,32,39,18
53,1,19,1,10,60,10
10,8,6,13,25,44,20
36,30,6,13,10,59,10
29,4,0,19,16,60,10
24,10,9,1,44,10,39
34,20,13,21,33,35,20
54,25,10,18,12,60,12
47,30,14,12,11,58,11
58,12,0,28,10,60,10
36,6,4,8,12,59,10
56,28,14,26,10,60,10
65,25,6,5,10,60,11
47,15,19,8,12,60,11
23,27,4,16,49,31,10
51,12,7,25,11,60,12
40,12,19,14,10,60,10
63,22,13,24,10,60,10
55,20,16,27,10,60,10
16,27,5,12,54,22,10
30,24,10,10,48,20,22
5,8,17,18,17,39,35
10,3,2,9,21,59,10
18,22,9,15,44,31,17
24,6,14,8,18,23,43
31,7,19,16,17,33,39
45,25,2,21,12,60,10
9,5,8,7,23,32,38
34,18,4,1,60,10,15
42,27,14,27,10,60,10
53,3,3,30,10,58,12
30,24,7,13,50,24,12
19,16,1,30,32,56,10
18,9,17,25,15,46,30
38,13,20,23,12,60,10
45,3,7,10,11,60,10
60,21,3,26,10,60,10
44,17,15,10,10,60,12
5,24,2,27,38,43,10
39,11,20,0,12,60,12
5,20,3,12,51,32,10
11,27,10,24,41,37,12
22,7,10,1,35,12,48
40,12,6,11,10,59,10
55,28,11,4,11,59,10
5,4,13,3,19,15,58
4,7,0,24,21,60,10
26,21,2,6,60,20,12
61,13,17,3,10,58,11
50,14,4,29,11,58,10
13,4,13,8,13,26,45
9,10,12,3,38,12,44
0,18,9,30,29,46,14
60,8,0,29,11,60,10
24,12,2,27,25,57,11
51,26,4,22,11,60,10
43,12,9,28,10,58,11
48,16,3,27,10,60,10
65,20,13,12,10,59,10
18,16,5,28,29,51,11
49,16,4,28,10,58,12
29,18,9,2,55,10,25
8,23,19,26,28,32,27
29,28,7,24,41,35,10
19,30,0,27,48,42,10
17,0,8,27,10,60,21
4,4,9,25,10,57,22
39,14,9,15,11,58,11
32,25,14,0,55,10,34
41,30,1,18,10,58,11
37,21,11,11,12,60,10
60,21,18,6,11,59,10
16,18,1,16,46,41,10
42,9,11,0,10,60,12
51,17,3,6,12,60,10
27,25,2,20,49,38,11
17,7,14,26,15,51,28
16,26,17,7,47,13,32
26,20,13,30,29,40,18
58,6,19,0,10,60,11
30,27,8,5,60,10,20
28,3,8,10,13,43,35
10,25,1,3,59,10,12
25,7,12,28,12,53,21
46,2,7,16,10,59,10
53,27,18,4,10,59,10
41,13,18,26,10,58,10
20,15,18,20,25,35,32
11,22,19,29,29,39,24
39,17,20,12,10,60,12
27,13,15,23,21,41,26
9,27,10,17,44,26,16
13,22,10,1,59,10,25
16,5,20,8,14,22,54
21,30,19,1,56,10,34
40,9,13,23,11,59,10
59,0,19,19,10,59,12
22,19,10,1,57,10,29
60,6,4,12,12,60,12
11,0,19,9,10,26,59
24,22,7,28,35,46,10
30,19,13,15,35,29,25
11,13,20,16,25,28,36
9,10,8,16,26,44,23
62,6,12,27,12,60,12
25,15,0,2,60,10,10
8,3,19,11,10,28,52
32,24,10,11,48,22,22
46,27,13,20,10,58,11
1,16,13,4,42,10,33
13,19,14,15,34,30,27
24,27,15,26,34,34,21
9,5,19,9,11,25,52
41,11,8,13,10,60,10
52,3,11,23,12,58,10
63,18,11,27,10,59,11
0,19,6,15,40,34,13
13,30,0,18,56,35,10
20,15,8,24,29,44,13
61,19,12,30,12,60,10
52,8,10,30,10,58,10
40,11,2,12,10,59,12
49,2,5,1,11,59,10
22,7,2,18,25,60,11
18,22,13,26,30,36,18
48,27,4,0,10,59,12
43,16,14,27,10,60,10
39,23,10,2,10,59,10
15,15,11,21,30,40,23
36,29,20,7,11,59,10
11,22,4,4,60,13,12
10,30,19,19,37,23,26
48,24,20,17,10,60,10
0,9,5,11,30,38,19
29,22,6,3,60,10,19
25,26,20,23,32,30,25
25,13,1,6,56,28,10
63,24,5,20,10,58,11
32,17,6,22,36,43,14
62,17,14,15,11,58,10
29,4,16,10,13,30,49
6,1,3,5,10,49,30
65,23,11,28,12,60,10
27,14,1,20,36,51,10
43,18,12,4,10,59,11
0,12,7,1,52,12,30
36,25,2,11,12,59,10
21,8,10,20,17,45,23
53,7,2,21,11,60,10
50,8,6,8,10,59,11
45,21,16,9,10,58,10
33,1,5,27,11,58,14
18,3,18,29,10,54,33
40,29,11,6,12,59,12
11,16,2,29,31,54,12
15,0,10,12,12,48,39
58,3,18,24,10,60,12
27,26,6,7,58,18,14
27,5,9,5,23,21,44
58,9,11,8,10,59,10
30,4,20,12,10,31,52
57,30,17,10,12,58,10
9,3,6,26,10,58,14
22,5,3,11,21,51,15
46,15,7,26,12,60,12
19,29,13,20,44,28,20
9,29,10,9,52,15,19
49,4,17,8,10,60,12
39,3,9,17,10,60,11
48,11,6,10,10,60,10
46,11,14,4,10,58,10
6,19,2,20,39,43,10
32,26,14,25,36,36,21
23,25,6,20,46,36,12
10,0,4,21,10,58,14
23,17,14,24,27,41,20
33,5,11,2,25,12,56
11,6,9,10,21,35,34
16,12,5,4,53,17,23
61,3,1,20,12,60,12
14,8,7,9,32,33,28
52,3,14,30,10,60,11
4,14,0,26,31,60,10
58,20,16,12,12,60,10
58,3,9,20,11,60,10
61,28,15,0,10,60,11
17,9,1,22,27,60,10
46,23,13,28,12,60,10
15,19,17,21,28,32,25
33,25,13,19,38,32,20
56,26,16,22,10,59,10
55,27,4,7,10,58,11
59,24,8,10,10,60,10
61,24,16,28,11,59,10
20,10,14,4,32,10,46
26,3,15,26,10,51,28
34,2,15,18,10,47,37
61,25,8,6,10,58,10
17,16,15,6,39,14,35
26,10,6,3,46,14,28
22,8,16,25,16,44,31
28,13,7,16,30,41,16
52,4,17,10,11,60,11
54,20,3,4,10,60,10
58,1,10,6,10,60,12
25,19,17,30,25,40,22
42,4,8,21,10,59,10
12,19,19,3,40,10,40
61,18,18,23,10,58,10
20,13,15,7,35,19,38
40,26,9,21,12,60,10
14,15,14,8,38,21,34
43,19,16,20,10,59,10
32,17,2,23,34,51,10
13,30,9,4,58,10,17
5,27,16,9,45,17,28
0,19,15,30,24,44,23
63,24,4,28,10,58,12
60,29,0,8,10,59,11
26,19,14,14,38,24,24
38,10,3,15,12,60,10
54,10,14,28,11,59,10
37,12,0,19,10,60,10
34,23,9,3,57,12,24
4,1,13,21,10,53,33
27,12,12,15,28,32,25
14,9,20,22,13,38,33
30,21,2,26,39,47,11
18,9,14,6,25,16,42
12,18,7,13,43,28,16
39,12,0,4,10,60,10
31,18,2,9,56,25,12
31,17,3,30,29,56,12
4,23,19,6,41,10,34
18,28,2,27,45,41,11
58,10,1,6,12,60,12
43,12,19,2,12,60,11
54,2,16,3,10,60,10
11,28,5,19,48,34,10
63,19,18,14,12,59,10
31,6,18,19,13,39,35
6,22,14,11,42,20,28
59,13,20,16,10,60,11
55,1,18,10,10,59,10
52,1,9,7,12,60,10
24,8,19,26,14,46,31
42,28,5,19,10,60,10
14,4,19,28,10,51,35
36,6,6,22,12,60,10
55,20,3,0,11,60,10
63,29,12,22,12,58,11
63,20,9,16,12,60,10
16,19,17,26,25,36,25
22,10,5,2,51,12,25
64,10,14,0,11,60,10
57,5,15,16,10,60,10
65,0,10,15,10,60,10
16,5,8,29,10,59,16
35,26,3,2,59,10,10
20,8,16,1,26,10,57
23,21,20,8,39,14,38
32,14,8,15,35,34,19
10,9,10,9,28,27,30
18,29,15,26,37,34,18
11,7,12,0,31,10,55
21,17,5,18,37,42,11
57,3,0,11,11,58,12
3,13,17,8,32,19,42
13,25,4,3,60,10,13
48,29,18,0,12,59,12
44,15,18,18,10,60,11
61,19,4,21,10,60,11
57,14,13,0,11,60,11
48,19,18,13,10,59,10
7,18,14,1,49,12,39
50,8,10,11,10,59,10
64,1,7,29,10,60,11
22,23,14,29,32,40,18
23,6,7,5,30,24,37
3,14,3,10,47,33,10
37,0,3,12,12,60,10
60,11,14,21,10,60,10
26,2,11,28,11,60,25
8,14,1,2,59,12,10
59,16,11,28,12,60,12
59,23,16,27,10,59,10
11,2,17,19,10,44,38
25,28,5,5,60,11,10
30,23,2,29,37,49,12
40,0,6,1,11,60,10
26,22,5,27,34,45,10
59,20,17,17,10,59,10
35,4,7,1,32,10,53
65,5,9,10,11,58,12
4,24,7,25,38,38,10
21,19,4,7,59,22,10
5,24,10,12,45,25,18
50,12,12,14,12,60,10
26,20,3,17,46,36,12
62,27,20,7,10,60,11
42,4,19,9,10,59,10
23,7,4,21,18,57,10
12,28,12,9,52,18,24
42,10,8,1,10,60,11
12,9,12,15,20,36,30
1,0,20,20,10,45,46
8,13,17,18,24,33,31
1,9,17,30,14,50,26
53,0,9,6,10,59,12
26,6,2,28,17,58,10
59,17,5,10,12,58,11
23,9,9,8,32,28,29
44,4,0,30,10,60,10
32,13,0,28,28,59,10
49,29,8,5,10,59,10
61,20,10,19,10,60,12
25,16,4,1,58,10,16
64,7,12,18,10,60,10
56,1,12,0,12,58,11
47,20,7,8,11,58,12
46,29,17,30,11,59,11
12,30,2,14,56,28,10
28,15,0,22,37,54,10
2,9,17,2,26,10,54
3,26,19,20,36,29,27
1,5,9,30,10,59,18
5,21,6,10,50,26,12
24,4,17,29,10,54,31
51,8,2,24,11,60,10
39,11,8,18,11,59,10
8,26,13,11,48,21,23
33,26,13,30,31,40,15
48,19,17,26,10,60,10
64,5,2,30,10,58,10
42,9,15,13,10,60,10
58,7,7,4,10,60,10
45,25,14,7,12,60,10
34,3,14,26,10,55,27
46,14,20,1,10,58,10
35,17,16,29,25,44,25
55,0,19,17,10,59,10
23,22,12,28,29,41,19
41,27,15,5,10,60,10
3,19,20,5,38,10,39
62,20,3,8,10,60,10
50,18,18,11,10,60,11
40,23,17,18,12,58,11
48,25,20,26,12,60,12
11,24,20,24,31,32,26
21,27,0,24,46,44,10
46,7,20,0,11,60,10
21,26,8,8,54,18,16
27,3,2,14,14,58,10
52,25,5,24,10,59,12
7,26,3,0,59,11,10
23,13,7,7,45,21,23
32,14,1,23,33,56,11
3,18,14,11,38,23,28
6,23,14,13,43,24,25
32,26,20,19,35,28,29
15,29,16,5,53,12,30
5,30,8,4,60,10,15
64,25,2,1,10,59,12
46,22,4,18,12,59,10
50,7,10,19,11,60,10
5,4,14,30,10,54,27
46,0,13,16,11,58,12
63,5,9,6,10,60,10
51,16,2,26,11,58,12
25,0,18,0,11,10,58
32,17,13,10,38,22,30
41,12,12,18,12,60,10
21,6,19,11,14,26,46
40,4,4,20,11,60,10
11,1,20,1,11,10,59
64,16,2,11,10,60,12
56,6,14,25,10,60,10
36,29,17,7,12,60,10
20,30,6,9,60,20,14
28,28,11,15,44,23,20
9,13,6,24,27,49,10
0,5,0,4,52,41,12
50,1,19,20,10,60,11
27,22,2,28,40,48,11
51,13,19,28,10,60,11
46,13,12,2,10,58,10
8,3,18,9,10,29,53
6,18,19,3,42,10,41
51,25,8,29,11,60,10
28,11,8,9,37,26,27
60,6,20,22,12,60,10
46,14,15,28,10,59,10
35,19,10,16,40,31,22
16,28,0,9,58,22,10
63,30,18,21,10,60,10
18,5,7,9,22,40,31
27,17,7,21,34,44,15
35,7,11,8,23,27,36
56,2,11,18,11,60,10
63,8,2,22,11,60,12
1,24,5,26,37,41,10
35,8,17,28,13,48,29
59,29,6,22,10,58,10
47,29,20,30,12,60,10
5,17,7,18,35,40,17
55,14,8,17,10,60,12
32,26,15,5,48,11,29
47,15,14,12,10,59,10
31,11,2,19,30,53,10
58,27,9,25,10,60,10
21,16,14,10,35,23,33
42,9,3,8,10,58,11
65,4,20,23,10,60,11
2,17,20,17,28,27,33
29,8,15,1,32,10,58
25,27,1,11,58,26,11
32,5,5,30,10,60,10
27,11,10,16,24,39,26
3,30,4,14,55,25,10
9,15,11,17,31,34,24
52,26,0,9,12,59,10
11,28,12,10,50,16,20
42,10,16,11,12,59,10
27,27,12,10,49,19,20
65,12,20,25,11,60,10
15,30,11,18,47,25,17
14,6,2,7,35,41,12
57,10,4,11,11,60,10
54,14,14,22,12,60,10
61,23,12,24,10,60,11
52,26,9,3,11,60,10
9,24,2,9,60,23,11
13,15,16,6,37,13,38
42,7,10,30,12,60,10
44,9,10,8,10,59,11
31,20,2,6,60,18,11
11,6,2,27,13,60,10
5,30,9,8,55,14,17
3,28,8,22,44,33,12
40,21,20,23,10,58,11
6,28,3,14,58,28,10
37,15,5,7,10,60,10
18,27,18,1,53,11,37
12,30,10,28,39,39,11
11,0,19,30,12,56,32
46,8,7,24,10,58,10
34,26,19,25,32,33,26
29,15,7,13,38,35,18
10,5,19,1,19,10,60
38,30,12,0,10,59,12
5,5,9,16,15,50,26
23,27,1,27,46,45,10
65,9,14,9,10,60,10
55,11,7,22,10,60,11
35,18,20,23,24,34,31
39,1,8,28,10,60,10
56,30,17,11,11,59,10
39,20,3,16,12,59,12
9,25,12,24,36,35,18
34,14,19,3,34,10,45
43,1,8,17,10,60,10
41,29,4,14,10,60,10
24,5,9,25,10,55,22
48,14,16,16,10,59,11
5,6,6,16,19,52,20
58,8,5,10,11,60,10
10,27,2,19,51,35,10
30,19,11,13,38,28,23
49,12,3,0,12,58,10
52,23,4,23,12,60,10
44,29,14,10,10,58,10
10,9,6,20,22,49,17
51,8,10,27,10,59,11
30,19,12,15,35,29,23
52,17,1,20,10,58,10
51,28,9,0,10,60,10
7,9,8,20,22,49,17
23,20,16,23,32,33,23
42,26,3,30,10,60,10
27,26,5,16,48,29,10
14,11,7,17,27,44,19
41,1,7,17,10,60,10
23,9,10,0,44,12,48
60,6,19,14,12,58,10
5,19,15,11,40,22,30
39,5,17,16,10,59,12
12,18,6,23,32,42,12
7,15,2,25,30,53,10
37,1,6,28,10,60,10
19,22,7,9,53,23,18
1,25,3,4,60,13,12
2,1,1,8,12,60,10
44,3,6,16,12,60,10
27,8,11,3,31,10,44
46,4,16,18,10,60,12
35,4,7,24,11,60,17
31,25,4,16,48,30,10
33,14,14,21,26,40,25
12,5,11,8,17,32,41
7,6,18,21,13,43,36
52,0,11,18,11,60,10
62,21,19,6,10,58,10
15,0,7,2,10,22,60
58,29,13,13,12,60,10
10,3,14,24,10,50,31
16,12,17,20,22,35,31
7,1,15,1,11,12,59
14,19,10,1,56,10,29
7,24,5,8,58,20,14
29,28,4,28,42,43,10
0,6,9,25,12,56,22
38,11,20,1,10,58,10
55,7,19,1,12,59,11
11,13,9,14,30,35,22
4,4,7,19,14,58,21
2,21,19,25,28,32,25
27,28,11,21,44,29,18
40,18,3,23,11,60,10
24,1,1,1,31,30,29
45,8,20,4,11,60,10
34,7,11,10,23,34,33
28,11,7,21,24,50,16
41,1,15,8,12,60,10
0,18,14,18,31,34,26
61,5,12,0,10,60,11
47,6,19,7,10,60,11
55,30,18,7,10,60,12
8,22,3,5,60,15,11
58,15,19,16,10,60,10
33,11,5,7,43,25,21
63,25,5,6,11,60,10
47,10,3,8,10,60,11
45,8,16,26,11,60,10
41,15,3,29,12,60,11
33,19,10,28,31,42,16
4,20,6,14,43,29,15
15,26,11,23,41,34,15
28,24,10,7,53,17,23
35,0,13,11,10,41,50
53,17,0,29,12,59,10
16,8,10,16,19,42,25
27,20,9,5,53,14,24
16,15,7,22,30,45,12
37,7,4,18,12,60,12
51,5,10,20,11,60,11
60,2,2,1,12,60,12
20,23,13,2,55,12,31
36,18,3,16,12,60,10
22,29,5,5,59,12,10
33,29,8,30,36,42,10
61,11,1,0,12,60,10
61,28,9,11,10,58,10
58,18,13,30,10,60,12
64,9,8,12,11,58,11
41,3,8,19,11,60,10
31,2,5,3,17,27,43
63,15,17,22,10,60,10
34,2,1,24,12,59,10
63,26,13,12,12,60,12
50,0,9,5,10,58,12
47,13,14,11,12,60,10
23,20,18,16,34,28,29
46,8,8,13,10,60,10
5,9,5,25,18,55,11
57,4,10,7,10,58,10
8,27,20,12,42,18,28
19,13,7,28,22,50,14
13,9,8,13,29,40,24
34,9,3,17,27,54,12
60,23,1,20,10,59,10
27,27,14,2,57,11,29
60,12,15,5,11,60,10
23,24,18,25,33,34,22
46,4,18,22,10,58,10
27,30,11,24,40,33,15
9,25,8,11,49,21,15
42,13,20,9,10,60,11
63,21,2,22,12,58,10
39,25,12,1,10,60,10
33,18,9,9,46,24,22
52,21,11,30,10,60,10
8,27,19,8,46,12,33
35,11,7,11,32,35,22
40,9,6,20,12,60,10
36,29,8,11,10,60,12
15,26,12,10,48,17,20
20,15,4,10,44,33,13
46,24,2,19,11,60,10
38,25,19,13,11,59,10
65,18,13,10,10,60,11
60,25,15,25,10,60,12
5,22,6,12,47,27,14
14,3,7,29,10,59,15
23,14,10,6,44,20,29
62,17,6,4,10,60,10
47,12,8,8,10,60,12
45,16,8,18,10,58,12
28,3,15,7,11,23,54
59,16,4,9,11,59,10
25,2,19,19,10,42,41
63,15,7,25,10,60,12
34,29,4,10,60,18,12
6,19,16,6,42,11,33
46,7,10,23,12,60,10
36,3,14,4,12,59,10
29,15,8,1,55,10,31
48,5,8,1,10,59,12
11,8,2,7,43,38,10
21,17,14,16,34,31,28
6,4,2,4,37,35,17
54,5,9,14,10,60,10
39,26,11,15,10,60,12
44,1,18,5,10,60,10
65,27,20,26,12,60,10
36,14,3,0,10,60,12
55,10,0,25,11,60,12
28,29,14,0,59,12,31
4,16,1,15,44,42,10
52,29,19,18,11,60,10
62,11,17,29,11,60,10
44,30,8,5,12,58,12
57,7,15,3,11,60,11
64,15,15,22,10,60,10
51,1,19,22,11,60,10
59,30,19,10,12,58,11
20,27,12,16,43,27,20
11,17,5,0,60,10,21
64,26,3,14,12,60,12
64,11,0,15,12,60,10
9,9,7,3,41,16,33
55,24,1,16,10,59,10
9,17,17,12,34,22,31
44,13,15,9,10,60,10
22,9,5,22,23,55,13
47,18,8,15,11,60,12
18,6,17,21,13,42,33
31,4,9,14,15,45,29
57,2,16,3,10,60,10
52,10,17,29,10,60,10
50,24,11,3,12,60,10
11,4,0,0,59,12,11
26,20,6,1,59,11,20
5,20,16,17,31,26,28
32,7,17,12,18,32,44
62,11,4,1,12,59,10
61,12,3,2,10,60,12
8,8,15,27,14,48,29
1,12,10,29,23,50,17
45,29,14,10,10,60,10
45,23,8,18,10,59,10
60,8,7,23,10,59,10
27,11,3,20,31,50,10
37,29,17,5,12,60,10
60,5,5,0,10,60,10
35,25,15,29,34,38,21
1,11,19,19,19,34,35
40,19,20,1,12,60,10
64,25,11,3,10,60,11
51,25,15,24,10,59,10
19,18,15,6,41,14,34
20,2,7,15,10,56,27
44,11,15,23,10,60,10
11,5,19,1,18,10,59
54,20,16,17,11,59,10
64,5,1,0,11,59,10
30,29,4,5,59,13,10
2,0,7,9,11,51,41
48,28,1,7,10,58,10
45,4,8,20,10,60,10
15,11,19,28,17,41,31
24,5,9,24,11,57,22
52,26,9,29,10,60,10
49,2,3,22,10,58,10
42,17,10,15,11,59,12
29,24,3,29,40,46,12
32,4,3,10,23,53,13
22,26,7,17,45,28,12
10,24,0,5,60,16,10
36,16,6,16,11,59,10
34,30,15,12,46,18,25
0,13,9,5,45,15,28
25,25,10,17,41,28,16
1,23,17,29,29,39,24
60,22,1,14,10,60,10
41,3,9,16,10,58,10
29,4,17,9,11,28,50
57,10,6,28,12,60,10
5,10,10,5,36,16,37
23,4,8,5,20,26,40
50,18,12,7,11,60,10
5,0,10,13,11,50,39
52,6,8,14,10,60,12
53,1,7,0,11,58,10
17,10,16,6,28,14,47
22,27,8,18,45,32,13
42,10,14,5,11,60,10
58,4,14,8,10,58,10
33,25,19,7,43,11,34
40,16,20,3,10,59,10
29,9,15,6,28,20,47
62,8,13,14,10,59,10
59,10,10,6,10,60,11
48,18,8,27,11,58,10
52,29,17,14,10,59,10
53,12,15,0,10,58,10
43,26,9,20,11,60,10
11,4,0,21,13,58,12
28,7,6,22,20,57,14
15,26,0,16,53,34,10
14,4,3,28,12,60,11
63,23,13,27,11,59,12
53,24,8,27,12,59,11
16,27,14,9,48,18,24
61,10,0,28,11,59,11
42,27,3,22,11,58,11
42,1,7,10,10,60,10
45,24,8,29,10,60,10
39,3,14,2,10,60,10
42,11,20,24,10,60,12
19,2,10,18,10,53,28
59,5,2,24,10,60,11
56,0,11,14,11,60,10
15,30,17,7,49,13,30
25,4,2,8,23,49,11
6,28,0,2,60,10,11
43,5,11,18,10,60,10
56,29,7,4,10,58,12
44,30,4,26,11,59,10
52,10,18,6,10,60,10
28,22,17,4,45,10,34
44,23,0,21,10,58,11
16,23,3,29,37,47,10
25,28,12,11,48,19,21
39,4,13,25,10,60,10
30,29,1,14,60,29,10
12,11,3,2,58,10,16
41,24,17,19,10,59,10
13,4,11,6,17,26,46
5,25,11,19,41,33,16
23,20,15,1,49,10,38
11,22,3,18,48,39,12
33,23,7,9,55,21,17
35,14,16,18,27,31,28
21,27,3,26,41,40,10
47,26,9,9,10,58,10
46,21,9,4,12,60,12
53,15,17,9,12,59,10
13,27,0,1,60,10,10
37,30,2,11,10,60,12
52,27,7,30,10,60,12
29,2,2,22,12,60,10
3,18,5,16,41,34,10
17,17,14,5,40,11,37
39,29,7,9,10,60,12
20,16,8,30,24,50,13
0,1,10,27,10,59,21
44,1,3,3,10,60,10
15,16,2,6,58,21,10
19,11,16,9,25,22,42
46,25,2,17,10,60,10
40,0,13,13,10,58,10
19,22,15,3,49,11,33
16,2,18,14,10,37,49
8,11,7,8,39,26,25
3,23,9,26,33,38,12
5,12,7,16,31,43,19
12,2,3,25,10,59,12
54,24,5,8,10,59,12
19,28,18,27,35,31,20
45,19,14,16,12,60,10
65,1,15,21,11,60,11
40,23,12,4,11,60,10
25,23,3,25,41,46,10
3,28,11,12,48,22,21
22,5,17,24,11,47,34
10,20,14,25,31,39,19
53,4,15,12,12,59,10
8,1,3,4,10,43,33
60,30,6,17,10,60,10
49,11,5,16,10,60,10
10,15,10,5,47,13,32
26,4,17,21,10,43,35
15,3,4,26,10,60,10
36,20,8,13,11,59,10
6,13,17,12,26,23,35
37,9,16,20,11,60,11
25,23,20,10,40,14,34
16,22,20,8,37,13,35
0,7,5,21,21,56,14
52,30,3,29,11,60,10
59,26,13,28,11,60,12
32,26,19,13,41,22,27
60,16,5,0,12,60,10
41,2,17,7,10,58,10
63,28,13,21,11,58,10
48,24,4,17,10,60,10
62,0,1,28,10,60,10
1,3,13,4,12,17,59
31,8,14,1,32,10,54
42,9,11,11,10,60,12
37,20,4,23,10,60,10
27,10,10,21,22,48,20
65,25,3,12,12,60,10
7,17,2,1,60,10,10
56,28,20,23,11,59,11
28,19,10,28,30,42,16
26,16,15,6,40,14,36
38,6,14,16,12,60,12
52,29,9,25,10,60,12
60,22,5,23,10,59,10
8,23,0,13,59,32,10
24,23,4,11,55,26,10
29,23,18,5,45,10,35
48,15,10,21,12,60,10
11,20,19,8,37,13,34
31,2,10,0,15,10,60
37,1,1,14,12,60,12
50,8,15,8,10,59,10
38,14,18,21,10,60,10
36,22,9,30,12,58,11
55,13,6,15,10,60,12
35,12,6,24,25,50,13
23,24,9,18,40,29,16
25,25,0,29,43,49,10
23,1,11,10,10,40,47
61,10,7,21,10,60,10
44,25,7,28,12,58,10
25,0,3,23,10,60,10
23,17,7,14,40,34,18
56,27,12,11,12,60,10
18,9,0,16,34,58,11
1,23,1,0,60,12,10
34,4,2,26,12,60,10
62,5,7,29,12,59,10
35,0,8,11,11,51,39
4,28,2,24,47,40,12
16,23,19,2,48,10,37
6,21,2,6,58,20,12
1,15,10,23,30,43,16
51,18,18,26,10,59,10
14,30,12,20,42,31,17
14,9,20,19,18,33,39
41,23,1,10,11,60,12
37,14,15,17,10,58,10
52,25,4,11,10,60,11
38,12,7,27,12,60,10
62,11,9,15,10,60,10
55,25,10,13,12,58,10
49,26,19,13,10,59,10
17,28,6,0,60,10,17
25,5,20,1,17,12,60
59,19,9,23,11,58,10
19,9,19,13,20,26,41
54,25,11,20,11,60,11
33,9,7,4,40,17,30
12,17,11,5,47,14,28
36,5,2,26,12,60,12
29,20,13,3,50,11,34
58,2,14,22,11,58,12
58,15,14,17,12,60,10
2,5,16,3,20,13,59
53,13,17,20,12,60,11
48,26,11,0,11,58,10
31,30,6,19,49,30,10
38,16,0,24,12,58,10
5,17,14,24,26,37,23
44,2,16,22,10,59,10
24,23,15,4,48,12,34
56,17,4,0,11,60,10
56,12,6,7,10,58,12
53,3,5,11,10,60,10
41,20,8,9,10,60,12
1,25,9,29,37,41,14
11,16,16,14,29,25,31
31,28,3,13,59,27,10
44,4,1,27,10,60,11
31,6,7,8,24,36,29
60,16,1,3,10,58,12
61,4,4,25,10,58,10
6,16,4,9,49,26,12
32,21,5,26,36,43,10
43,14,2,28,10,58,11
22,29,11,14,47,23,17
17,15,14,28,24,46,21
39,16,2,8,10,60,10
13,6,16,17,12,40,35
61,26,1,27,12,60,10
2,27,7,14,51,27,12
53,27,20,0,11,60,11
18,14,4,4,57,17,16
65,16,17,19,10,60,10
12,18,3,20,41,45,10
33,5,9,27,10,60,19
25,22,19,14,35,20,32
36,10,0,13,10,60,10
24,16,8,9,45,22,22
43,8,7,25,10,59,11
48,12,19,19,10,60,11
13,22,5,6,59,18,14
2,18,9,0,60,10,30
48,13,6,23,10,59,11
56,16,3,18,12,60,10
31,3,20,12,11,32,51
37,3,8,23,10,60,12
52,18,16,25,10,60,11
48,23,18,15,10,60,12
19,6,9,29,10,59,18
2,7,3,0,60,10,29
29,10,12,22,18,46,22
32,22,1,8,59,23,10
44,19,4,0,10,59,12
44,9,13,8,12,59,12
63,8,17,3,10,60,10
37,25,17,9,10,58,10
48,25,11,14,10,60,12
59,27,6,26,12,60,10
21,25,18,28,30,37,23
2,23,9,10,49,21,17
62,30,16,11,10,60,12
25,7,11,27,12,56,22
45,28,12,16,10,59,10
27,14,17,24,24,41,27
4,1,7,5,10,35,48
3,16,2,28,31,53,10
5,8,9,17,21,46,25
23,11,2,10,42,40,11
26,12,16,12,25,29,38
32,19,2,30,31,52,12
11,18,5,29,30,48,10
38,30,20,19,10,59,10
6,5,14,9,14,29,47
2,29,12,5,55,12,21
32,27,9,13,49,21,18
30,6,8,10,24,37,32
47,2,3,29,12,60,11
12,5,5,30,10,60,10
14,4,6,16,12,56,22
37,24,13,28,10,59,11
10,21,20,6,42,12,37
14,10,10,25,20,49,20
53,10,17,15,11,60,10
56,2,2,4,10,60,10
59,21,19,19,10,60,10
38,21,0,16,10,60,12
25,15,7,13,37,35,18
12,22,17,5,47,10,33
58,30,3,12,11,60,10
41,13,19,8,12,60,10
2,7,6,25,15,57,14
0,18,2,4,60,15,10
34,20,7,16,40,32,14
2,18,11,14,36,28,21
49,28,11,11,10,58,11
38,18,6,9,10,60,12
47,26,20,22,10,60,10
61,30,4,8,10,60,12
25,30,3,20,52,32,11
45,19,5,12,10,60,10
34,5,16,2,18,10,58
16,13,10,29,23,49,15
37,5,6,23,10,58,10
49,23,11,25,10,60,11
17,30,11,13,50,20,17
65,7,19,19,11,58,12
36,20,11,3,12,60,12
55,9,3,1,11,60,10
25,13,13,21,22,40,22
60,22,0,22,11,59,12
22,13,3,5,57,21,10
62,4,9,16,12,59,10
56,12,3,8,10,58,10
31,19,11,16,38,31,23
41,21,17,19,12,59,10
36,2,6,14,10,60,10
0,4,18,19,10,42,38
55,8,2,21,10,60,10
8,24,18,8,41,16,32
16,5,19,29,10,49,33
57,22,13,11,12,58,11
49,11,18,8,12,60,11
59,23,1,10,11,60,12
42,25,2,23,10,58,10
44,1,20,4,10,60,10
5,28,14,3,56,11,29
46,7,0,28,10,60,12
2,26,1,21,48,37,10
0,14,9,4,47,15,28
61,3,18,21,11,60,10
48,12,19,19,10,59,10
59,15,15,12,12,58,10
56,16,7,16,12,60,11
25,17,14,15,35,30,26
9,20,15,20,34,30,24
54,6,1,8,10,60,11
5,24,20,1,49,10,38
17,22,17,21,32,29,27
54,28,12,0,10,58,10
39,26,8,28,10,59,11
44,21,19,26,11,60,10
42,27,1,7,12,60,10
33,18,10,14,39,28,21
58,10,4,23,10,60,10
60,25,15,11,10,58,10
59,17,12,19,10,60,10
48,28,18,14,12,59,10
57,2,7,30,11,58,12
54,18,18,10,10,59,12
63,13,20,5,10,60,12
5,6,8,1,38,12,48
34,15,12,15,33,32,27
17,2,17,1,10,10,58
14,18,9,16,39,34,19
6,10,17,21,17,37,29
13,18,13,24,31,41,22
22,20,11,20,37,34,17
23,26,19,23,36,29,25
14,2,13,0,13,11,60
10,21,20,16,31,23,30
36,30,16,6,10,60,12
41,30,13,1,12,60,11
38,7,12,24,12,58,11
3,18,18,12,31,20,33
36,25,16,9,10,58,12
23,6,17,26,13,45,29
12,25,6,14,49,28,11
8,27,5,23,45,37,10
18,8,7,9,32,31,28
10,6,3,17,18,58,12
26,20,13,1,54,12,33
45,12,6,11,12,60,10
38,0,3,12,11,60,10
39,15,19,6,10,60,10
9,6,1,19,22,60,12
15,28,16,29,36,35,20
57,3,13,2,12,58,11
42,6,15,13,10,58,10
50,27,2,6,10,60,10
62,8,20,19,11,60,12
25,21,10,22,34,35,15
44,13,2,9,10,59,10
28,26,0,4,60,12,10
20,8,12,29,15,54,24
43,16,18,4,10,60,10
13,25,3,3,60,12,10
7,26,8,15,48,29,12
65,17,2,27,10,58,10
57,3,15,13,10,58,10
20,12,4,26,26,55,10
40,0,16,21,10,58,11
54,5,11,4,10,59,11
56,15,17,13,10,60,11
32,16,6,13,39,31,17
37,1,7,2,12,58,11
52,13,3,13,10,60,11
44,13,14,29,12,60,11
27,6,3,3,43,24,23
26,24,17,30,31,38,23
31,25,17,5,49,11,34
2,20,20,30,26,37,25
52,13,3,21,11,58,10
0,0,11,17,10,55,36
62,29,18,30,10,60,11
5,19,9,15,40,32,18
45,6,11,12,11,60,12
4,2,6,7,13,43,34
46,19,13,4,10,60,12
65,14,18,0,10,59,10
2,30,19,12,43,15,27
9,11,11,6,35,20,34
25,0,10,12,10,51,40
7,7,11,30,12,57,22
56,9,5,19,10,59,12
20,30,18,17,43,21,24
50,28,8,2,10,58,10
56,30,0,24,11,60,10
61,8,0,20,12,60,10
60,0,8,15,10,60,10
1,2,6,6,14,38,39
53,7,6,18,10,58,12
21,30,14,13,49,21,21
52,25,6,15,10,59,12
52,27,10,9,11,59,10
59,5,8,0,11,58,12
10,3,19,15,10,36,45
64,0,2,12,10,60,11
12,29,2,2,59,12,10
37,11,1,25,10,59,10
48,6,13,26,10,60,10
20,23,0,10,60,26,10
31,6,11,7,22,24,40
1,8,17,5,26,15,50
2,5,20,8,12,21,55
13,30,2,15,58,28,12
55,16,20,13,10,59,10
23,19,12,3,52,12,30
50,26,10,7,10,60,11
34,21,12,11,42,24,22
56,11,10,11,10,60,12
39,25,16,30,12,60,10
6,24,10,5,56,13,25
12,15,9,13,36,30,23
32,2,19,10,10,30,56
47,5,1,2,11,60,10
11,6,19,18,12,36,39
6,12,13,11,31,26,33
1,0,5,5,11,44,43
30,23,18,9,43,18,33
24,8,12,13,19,33,31
21,14,20,27,18,40,30
20,24,6,15,47,31,11
26,7,7,19,19,52,20
12,2,12,17,10,49,34
33,0,14,2,10,13,60
12,24,9,24,38,38,16
6,28,18,5,47,11,33
6,5,0,23,15,59,10
5,8,15,12,18,32,38
43,22,4,3,10,59,12
33,20,2,16,48,35,10
39,21,2,25,12,59,10
29,12,14,17,26,37,29
60,3,16,0,10,60,10
5,26,12,24,39,35,15
8,4,14,10,12,34,43
58,5,13,25,12,58,12
9,5,14,4,20,13,55
58,9,3,27,12,60,12
22,19,3,30,30,52,10
38,13,12,9,10,58,10
19,2,6,28,12,59,14
7,2,7,17,10,57,22
65,19,9,9,12,60,12
57,24,3,13,12,60,10
56,9,18,12,11,60,12
12,3,3,14,11,60,13
50,16,10,8,10,60,10
28,14,0,15,44,47,10
37,2,12,0,10,59,10
41,12,5,20,10,60,11
29,18,14,16,34,30,28
26,11,11,20,25,41,23
13,18,8,1,60,10,24
34,0,8,8,12,46,46
17,10,11,2,37,11,45
20,23,13,7,49,13,27
37,15,8,23,10,58,12
47,26,15,14,11,60,10
46,22,20,2,11,59,11
17,22,5,26,37,42,10
19,24,11,3,57,10,24
4,9,6,23,20,56,16
53,19,18,5,12,60,11
53,29,20,10,11,58,10
53,11,10,4,12,58,10
11,23,6,14,50,28,12
10,8,5,20,20,56,13
27,10,17,29,15,45,28
57,5,12,18,10,60,10
52,8,9,29,11,60,10
1,21,9,27,35,43,16
15,3,12,1,16,12,60
4,1,8,11,10,48,34
17,6,8,8,25,32,30
16,22,1,25,43,46,10
63,21,0,7,12,59,10
39,27,18,29,12,60,10
41,23,8,12,10,59,10
37,25,9,16,12,58,10
3,16,19,7,33,17,39
43,21,5,4,10,58,10
39,21,0,20,12,60,10
12,23,16,14,38,23,25
10,1,20,26,10,47,38
4,18,6,25,31,45,13
59,1,13,16,10,58,10
17,17,11,9,40,21,28
35,29,3,21,51,33,11
27,2,11,22,12,57,28
11,24,4,29,35,46,10
49,19,8,27,10,58,10
36,15,1,18,11,60,10
30,16,0,20,40,50,10
65,5,18,12,11,59,11
16,22,13,25,35,37,18
53,5,17,11,10,58,12
23,8,11,13,21,36,32
1,21,12,21,36,37,19
20,29,20,21,39,25,23
17,15,7,21,30,44,15
29,8,14,3,29,10,51
57,16,7,2,10,59,11
24,24,17,7,46,13,30
64,14,14,1,11,58,10
40,16,3,1,12,58,10
23,24,2,23,46,40,11
4,12,20,24,21,36,31
57,12,9,20,10,60,10
15,15,7,29,25,52,10
61,23,1,3,10,60,10
56,5,18,22,11,60,12
17,25,20,21,32,27,27
42,17,5,25,11,60,10
9,7,3,23,17,58,10
6,6,13,21,12,45,27
50,24,20,18,10,59,10
7,10,2,12,38,44,11
60,20,13,8,10,60,10
48,23,16,0,11,60,10
17,17,4,23,35,48,10
28,25,14,2,56,12,28
32,20,0,21,45,48,10
40,24,10,27,10,60,12
51,7,11,2,10,60,12
36,11,16,26,10,58,11
25,20,20,16,33,26,33
53,15,20,4,10,58,10
38,30,15,13,12,58,10
6,13,2,7,54,26,12
27,24,14,23,37,34,18
51,11,6,17,11,59,12
63,12,11,22,11,59,12
27,27,13,27,36,36,16
40,1,4,2,10,58,10
44,8,4,30,10,60,10
64,4,1,2,10,60,12
14,26,13,25,37,33,16
57,30,5,12,10,58,10
58,9,7,11,10,60,11
0,21,6,1,59,10,21
60,21,1,13,10,60,10
17,19,2,26,35,49,10
22,21,0,2,58,10,10
59,0,20,26,12,60,10
48,13,1,9,10,60,10
0,29,20,10,43,13,29
62,8,6,3,12,60,11
9,1,3,8,10,58,20
45,10,14,20,10,58,10
35,16,6,21,33,45,10
53,21,10,4,10,59,10
59,29,10,27,11,60,10
28,28,6,12,52,22,13
47,30,1,8,11,58,10
33,4,14,10,12,34,45
35,2,15,18,10,44,38
55,12,16,5,12,60,11
63,18,11,12,10,60,11
51,18,15,8,12,58,10
17,7,7,8,30,30,30
51,9,5,12,10,59,10
31,16,10,26,27,45,16
36,17,20,26,11,58,10
17,7,8,23,15,56,19
2,20,10,21,34,39,15
39,23,0,8,10,58,10
0,8,6,8,32,34,23
23,17,12,4,47,11,32
60,7,7,21,10,60,10
64,0,15,29,12,59,10
22,30,16,0,56,10,30
63,20,16,24,10,60,12
26,2,17,4,12,17,60
12,6,8,12,18,40,26
58,24,5,8,10,60,10
15,28,17,4,50,10,30
9,18,14,13,38,26,30
51,18,11,28,10,60,10
26,20,18,13,37,23,33
10,23,19,21,34,32,29
24,18,0,7,60,27,11
51,23,10,28,10,60,11
15,13,19,8,30,18,42
37,28,10,23,12,60,11
62,14,20,22,12,60,12
43,26,0,12,12,59,10
62,13,5,9,10,59,11
47,25,6,19,10,60,10
61,27,1,4,12,59,10
31,2,9,18,12,54,28
11,30,8,2,60,12,17
60,27,0,28,11,58,10
18,25,10,3,60,12,24
26,4,8,8,20,37,38
14,22,1,15,53,33,12
0,11,2,25,25,60,10
46,21,13,12,10,60,10
8,1,15,26,12,53,34
9,27,14,2,54,11,31
65,20,15,3,10,59,10
41,2,5,21,12,59,10
1,4,16,17,12,40,38
36,19,19,13,10,58,10
13,30,0,8,60,19,10
26,0,15,19,10,50,37
49,28,2,23,10,60,10
54,7,13,21,12,60,10
51,19,9,15,10,59,11
59,30,18,13,10,58,10
60,19,8,6,11,60,11
25,16,15,6,36,14,34
63,14,1,1,10,60,10
34,1,1,21,10,60,11
38,28,0,21,11,60,10
15,2,3,26,12,58,10
6,14,17,13,30,27,34
59,5,19,23,10,60,12
7,27,13,5,54,11,26
46,11,10,22,10,59,11
47,0,18,1,10,59,11
43,25,5,3,12,60,12
37,25,14,17,10,60,10
11,20,0,20,44,46,12
55,3,6,30,12,60,10
18,16,0,12,53,38,11
44,10,4,10,10,58,10
49,0,14,5,11,59,12
2,30,19,6,47,10,31
61,0,0,20,11,59,11
64,8,3,17,12,60,12
0,12,1,14,42,47,10
29,30,18,21,39,29,22
40,14,14,19,11,59,11
3,9,9,13,28,39,28
4,24,7,20,41,33,10
50,1,1,18,10,60,10
11,8,1,24,20,58,11
29,23,1,23,43,42,10
30,1,2,29,11,60,10
11,3,9,11,10,43,37
65,3,20,15,10,59,10
29,11,16,27,20,47,24
6,30,12,26,41,32,15
13,7,5,0,50,11,36
27,9,15,0,35,10,54
57,18,15,4,10,60,12
44,27,0,9,11,60,10
42,25,15,8,10,60,10
60,11,18,0,10,60,10
50,5,8,3,10,60,12
23,10,0,28,25,60,12
65,24,4,26,10,60,12
51,16,0,11,10,60,11
58,16,7,10,12,58,12
63,11,14,13,10,59,10
34,1,8,26,10,59,19
63,15,0,16,11,60,10
3,20,11,16,40,31,22
35,26,0,8,60,22,10
17,27,15,26,37,33,21
44,29,16,11,10,59,11
19,5,7,3,28,19,41
37,5,13,26,10,59,10
18,5,4,13,20,51,15
61,13,19,29,10,60,12
46,18,4,14,10,58,10
26,2,18,25,10,50,34
31,12,16,2,35,11,49
18,5,12,10,16,32,38
12,3,10,13,10,47,36
3,21,15,28,27,39,22
35,25,20,11,39,16,32
24,8,19,13,19,27,42
36,5,9,30,10,60,10
41,15,2,1,10,60,11
12,8,17,19,15,40,32
21,19,15,11,39,23,28
58,1,16,1,10,59,12
33,26,20,19,38,27,29
64,20,7,9,11,60,10
9,30,1,9,60,18,12
44,8,9,26,10,60,12
57,11,20,10,10,58,10
54,14,14,25,12,58,10
48,15,19,3,10,60,11
0,8,8,30,16,60,13
58,19,9,30,11,60,10
9,9,1,20,29,58,10
26,15,0,4,58,20,12
0,2,19,1,12,10,60
27,22,8,28,35,45,11
25,30,11,1,60,10,25
54,16,13,12,12,60,11
29,13,2,13,42,43,12
41,24,11,25,10,60,10
29,6,11,12,19,35,33
20,19,13,9,41,20,28
55,23,14,19,10,60,12
37,10,19,10,10,60,11
48,2,9,10,12,60,10
34,1,13,17,10,51,37
59,19,5,6,10,58,12
65,6,18,12,10,60,10
61,19,16,16,11,60,12
38,14,7,26,10,60,11
36,20,11,8,12,60,12
28,1,12,26,11,60,27
29,13,16,17,23,35,29
63,18,10,2,11,60,12
8,16,0,15,48,43,10
11,20,14,3,50,11,33
44,19,20,16,10,60,10
27,13,10,23,25,45,19
50,6,7,28,10,59,12
30,4,6,30,12,60,12
34,1,0,11,12,60,10
62,25,13,23,11,60,10
38,30,5,28,10,58,11
5,4,16,12,12,34,47
57,3,13,17,10,60,10
35,22,19,17,32,27,30
19,12,3,5,52,23,14
31,18,8,27,32,43,13
10,23,0,25,41,48,11
28,16,6,22,31,47,14
13,16,10,18,33,34,19
52,8,9,14,12,60,12
4,21,0,17,48,41,10
59,2,9,20,10,60,10
24,8,0,18,27,60,11
14,18,0,15,51,41,10
47,1,5,24,10,58,11
57,16,0,21,12,58,10
14,5,15,29,10,54,27
25,16,2,29,32,54,10
47,2,4,26,10,60,12
19,26,8,3,60,11,17
12,5,4,12,20,53,16
44,26,1,21,11,58,10
31,2,20,23,12,44,38
28,6,20,22,10,40,38
50,19,7,24,12,60,10
19,23,10,13,47,23,21
56,13,16,12,10,59,11
2,12,18,13,27,28,36
3,30,8,5,60,10,15
46,13,19,10,12,58,10
35,27,18,29,34,36,22
17,11,5,18,27,47,14
22,21,14,22,31,32,21
63,29,0,20,10,58,12
17,26,1,2,59,10,10
63,12,14,11,10,58,10
61,16,11,23,10,58,12
47,29,5,22,12,60,10
21,16,11,0,51,11,38
19,25,0,14,57,31,12
56,17,4,12,10,59,12
1,6,15,6,20,22,51
37,13,7,23,10,60,10
12,22,9,7,51,17,22
22,11,6,5,43,21,25
35,22,14,1,55,10,36
21,24,2,6,58,16,10
62,30,5,20,10,60,10
12,4,17,11,13,28,49
46,10,10,23,10,59,11
53,15,8,23,12,58,11
18,21,11,2,54,12,28
1,13,13,25,21,46,23
47,18,11,12,10,60,10
56,9,10,11,12,58,10
30,7,7,11,26,40,25
49,0,18,14,10,60,12
2,12,8,23,26,46,16
23,23,1,2,59,12,11
35,8,2,20,24,60,10
63,13,10,11,10,59,10
4,6,16,0,23,11,60
43,9,8,5,11,59,12
34,23,17,16,38,26,26
28,2,11,20,11,54,31
33,25,1,13,58,28,12
5,28,15,9,50,14,23
44,15,14,6,10,60,12
9,11,0,22,31,58,10
9,19,3,23,37,48,12
55,24,11,18,10,60,10
59,26,0,2,12,59,11
20,20,10,21,34,35,15
48,15,5,30,12,60,11
29,5,3,5,32,36,18
33,8,2,8,42,39,10
10,24,12,1,60,11,31
28,25,4,7,60,19,11
64,11,1,29,12,58,11
45,3,18,24,10,60,10
50,15,3,16,12,60,10
23,14,15,19,24,34,26
26,6,14,1,27,11,60
40,26,2,1,12,60,10
13,25,20,6,43,10,33
26,11,14,6,31,15,42
54,9,9,11,10,60,12
25,10,8,25,22,52,16
2,28,16,24,38,33,23
10,18,7,17,39,35,17
58,19,14,18,10,60,12
29,15,3,8,52,26,11
61,24,16,13,10,58,12
29,24,11,15,44,28,19
59,3,5,20,10,59,12
32,28,15,8,48,12,27
10,2,4,27,10,60,10
50,12,12,15,10,60,10
29,26,6,28,41,41,11
3,6,16,19,13,41,33
19,22,16,30,30,37,22
43,29,4,16,10,58,12
49,8,4,2,11,60,12
42,2,17,13,11,58,10
18,30,8,8,56,14,13
39,15,12,26,10,60,10
15,19,18,21,31,31,28
63,20,13,24,11,60,11
49,10,12,19,10,60,10
56,12,16,3,12,60,10
17,6,4,26,14,60,11
45,2,9,11,10,60,10
48,10,1,30,11,60,10
29,17,12,25,30,42,19
33,2,5,21,10,60,14
16,3,1,6,28,52,10
60,30,8,19,10,60,10
51,24,16,3,10,60,10
17,26,11,24,36,34,15
63,4,7,14,11,60,12
37,5,0,30,10,60,11
34,21,5,14,49,33,10
28,14,5,13,40,36,14
60,23,9,9,10,59,10
37,22,20,27,10,58,12
27,19,11,16,39,32,20
45,3,8,5,10,58,11
7,15,15,21,28,39,27
46,14,17,26,12,58,10
5,24,12,10,45,20,23
4,24,4,0,59,10,11
64,1,14,21,11,59,12
46,28,3,4,10,59,10
50,19,8,16,12,60,12
63,1,14,17,10,58,11
4,14,10,28,22,48,17
36,5,12,24,12,60,12
33,2,12,7,11,30,51
34,26,12,7,53,15,25
31,2,13,13,10,39,41
27,0,5,18,11,59,17
61,23,13,23,10,59,10
23,25,14,19,40,28,23
49,28,19,20,11,58,10
39,24,17,11,10,60,12
3,5,1,26,12,60,12
1,7,6,15,21,49,18
64,8,12,5,10,60,10
55,13,4,11,12,60,10
42,7,4,4,10,58,10
0,2,19,23,10,47,40
58,0,8,21,11,60,11
13,12,1,27,28,59,12
65,15,12,2,10,60,11
48,24,7,27,10,60,12
10,4,3,25,13,58,12
42,20,10,1,11,60,10
31,7,10,23,16,52,22
28,26,8,1,59,10,20
37,2,12,7,10,60,10
35,23,17,21,31,31,26
22,24,4,13,51,29,10
58,6,16,29,10,60,10
9,26,19,10,41,18,30
14,29,2,21,49,36,12
42,0,6,27,12,58,10
10,22,9,13,45,25,17
52,28,12,16,12,58,10
2,27,16,6,50,13,28
55,27,2,5,10,60,10
0,28,0,25,47,41,12
46,2,0,1,10,60,10
7,10,0,2,60,14,10
9,11,12,23,21,47,22
27,16,16,20,29,34,29
52,16,5,1,12,60,10
47,9,6,1,10,60,12
8,16,4,19,34,41,11
36,5,15,10,12,60,10
47,14,18,26,12,59,10
11,28,7,25,41,37,10
20,14,0,1,60,11,11
41,16,16,17,11,59,11
11,28,2,11,59,22,12
61,18,8,12,10,60,10
12,5,14,10,14,31,44
43,23,5,20,12,60,10
40,26,18,17,10,60,10
61,7,17,8,10,60,11
55,4,10,3,11,59,10
16,15,19,16,27,29,33
23,14,17,8,31,20,41
49,21,11,7,10,59,10
16,26,12,11,46,21,22
44,0,14,12,10,58,10
63,1,3,19,10,59,10
56,17,10,2,10,60,12
62,2,3,23,12,60,10
26,1,20,1,10,10,60
25,7,9,23,18,52,18
48,5,8,5,10,60,12
36,28,13,18,10,60,10
26,6,0,10,31,56,10
23,14,0,14,46,43,10
35,2,6,0,23,10,60
26,30,5,1,59,11,12
54,9,11,3,10,60,10
5,14,6,17,32,43,15
60,27,17,3,10,59,11
28,7,5,19,19,53,12
43,4,20,24,10,60,11
34,9,20,21,14,36,34
32,6,15,4,22,12,56
19,15,20,11,30,19,39
23,10,16,7,28,17,44
19,12,5,8,44,30,20
65,16,3,28,12,58,12
64,16,6,6,10,58,10
9,18,0,9,59,28,10
8,15,4,9,50,28,10
34,25,2,23,46,43,10
41,21,11,9,10,60,10
51,29,13,23,12,60,11
58,2,16,0,10,60,10
26,27,2,2,60,11,11
53,22,7,28,10,59,10
58,22,11,13,12,60,10
4,6,5,24,17,60,10
14,30,18,4,51,10,29
18,7,1,28,15,60,10
62,24,20,2,10,60,10
45,29,18,15,10,60,10
19,22,6,19,44,38,11
29,2,14,3,11,16,60
56,25,0,5,10,59,10
39,9,7,11,10,60,10
58,27,7,6,10,59,12
47,13,16,3,10,60,10
10,0,13,30,12,60,25
24,15,5,9,45,29,15
46,27,4,17,11,60,11
23,14,15,24,25,40,24
55,27,12,10,12,58,11
10,10,3,18,28,53,10
17,18,13,15,35,30,24
18,26,20,11,43,17,31
41,18,10,1,10,58,10
46,13,13,2,10,60,10
56,25,20,1,11,60,11
15,18,17,28,23,42,22
9,19,3,28,34,51,10
59,9,0,19,11,60,11
54,19,10,25,10,58,10
32,26,4,15,50,30,10
9,29,19,24,34,28,25
14,0,3,29,10,60,10
25,16,3,2,60,10,12
43,22,12,22,11,60,12
53,1,5,26,10,59,10
56,12,1,16,10,58,10
15,7,5,5,35,24,27
19,29,10,25,42,35,14
17,5,4,7,30,39,23
42,6,19,15,10,58,12
0,22,7,9,50,20,14
63,12,18,25,10,60,10
59,0,18,19,12,60,12
38,2,8,23,11,59,10
52,4,20,8,10,58,11
22,16,13,8,39,21,31
65,6,9,22,12,58,11
19,4,16,9,13,25,47
2,22,11,6,49,14,24
2,13,9,11,36,30,23
8,13,7,23,28,49,14
35,28,3,29,43,42,10
14,17,0,10,56,34,10
46,10,11,12,10,59,11
2,1,16,30,11,58,30
54,22,5,27,12,60,11
56,30,17,13,12,58,10
54,15,5,3,11,60,10
22,29,8,16,50,27,15
53,6,16,10,10,60,11
57,6,18,22,10,59,12
27,9,4,28,17,58,10
57,23,20,7,11,60,11
62,14,2,27,10,60,11
16,29,7,28,41,39,10
57,4,16,10,10,60,10
33,19,2,10,55,30,10
3,18,5,28,29,47,10
24,30,6,10,56,17,13
29,23,13,19,37,30,21
21,23,8,11,47,24,15
52,6,0,6,10,59,10
60,19,1,2,10,60,10
10,4,8,26,11,60,16
62,29,15,0,10,59,12
35,11,12,22,22,44,26
25,16,2,26,30,53,11
28,16,0,16,44,43,10
15,13,7,10,38,30,19
1,22,11,2,56,10,29
13,3,13,13,10,39,41
24,2,1,25,10,60,12
29,19,19,7,36,14,38
24,27,8,7,57,16,19
12,19,10,18,38,34,17
48,4,11,22,11,60,10
3,23,13,30,33,41,18
56,20,7,0,11,58,11
56,6,3,3,10,58,10
19,5,7,3,29,20,40
41,28,11,17,10,60,11
10,18,7,12,43,27,17
16,17,18,25,26,35,28
7,27,9,12,48,21,17
40,1,15,29,10,60,12
14,7,13,1,29,10,57
31,23,12,21,37,33,19
23,0,14,19,11,51,37
51,15,10,23,10,58,11
14,8,1,3,60,23,10
1,28,18,0,55,10,33
22,23,15,19,35,29,22
3,5,10,21,12,54,23
55,15,8,24,10,60,10
65,0,0,12,11,60,10
39,6,0,18,12,58,10
4,4,12,22,11,54,30
18,3,11,16,10,47,31
27,2,20,5,12,16,60
56,17,8,19,10,60,10
65,18,2,27,11,58,11
65,0,7,27,10,60,11
37,21,0,29,12,58,10
18,19,5,5,59,14,16
59,0,11,5,12,59,10
5,23,1,22,43,43,10
23,27,7,22,42,34,11
37,11,7,17,10,60,11
47,9,14,17,11,58,11
27,1,2,15,11,60,10
20,3,12,28,10,57,26
61,6,18,18,10,59,10
11,10,10,12,26,35,26
65,12,5,3,12,59,10
58,7,14,22,10,60,12
48,10,19,0,10,60,10
20,8,11,2,36,10,45
3,19,20,5,37,10,39
51,22,10,25,12,58,10
48,9,8,0,10,60,10
22,3,1,20,10,58,11
54,15,10,19,10,59,10
43,27,7,3,12,59,10
14,27,7,13,50,26,15
41,22,8,3,10,60,10
1,4,1,27,13,60,10
26,18,8,19,34,39,14
40,21,3,18,10,58,12
2,2,12,11,10,39,41
0,1,0,5,13,60,10
18,13,15,1,38,10,48
51,27,15,5,10,60,10
13,26,8,18,45,31,11
15,29,12,1,58,10,26
11,20,3,10,55,27,12
15,16,10,26,26,43,15
38,7,0,17,10,60,10
41,19,20,1,10,59,10
30,21,20,18,32,27,31
33,24,11,19,40,33,18
32,30,5,5,59,12,12
36,1,8,10,10,60,10
14,4,15,14,10,40,38
56,0,20,1,12,60,10
30,7,7,18,20,49,18
0,6,8,18,14,49,23
63,15,2,11,11,60,11
63,29,5,25,11,60,10
50,21,10,4,12,60,10
22,22,10,14,42,27,21
50,27,20,28,10,60,11
56,30,8,5,10,58,10
59,1,17,21,12,60,10
20,28,19,10,42,17,29
65,16,10,24,10,60,12
41,14,5,10,11,58,12
56,9,6,26,11,60,10
47,29,2,20,11,58,11
0,4,20,11,10,28,53
31,25,17,20,36,31,23
10,14,12,3,42,10,36
60,8,2,6,11,60,10
2,13,13,17,27,35,28
1,8,0,10,39,48,12
48,28,12,22,10,59,10
3,13,9,23,23,44,20
3,4,6,21,11,59,17
9,25,18,27,31,34,22
28,22,17,20,34,31,27
26,7,15,6,23,18,49
34,25,8,16,47,31,12
36,21,0,7,12,59,10
4,30,6,12,55,20,10
7,13,13,19,26,40,27
48,30,0,21,10,58,12
8,22,18,23,33,32,23
15,1,12,6,10,28,57
27,21,14,3,47,10,31
3,9,19,8,24,19,48
31,3,0,16,12,60,10
8,9,9,14,23,40,27
64,11,6,29,10,60,10
26,14,10,27,25,45,16
19,17,19,9,34,16,39
0,19,13,1,51,10,33
28,24,7,5,60,12,19
15,8,0,0,60,12,10
55,10,14,3,10,60,11
22,8,16,22,13,42,33
53,20,3,2,10,59,10
26,13,16,24,20,39,28
9,10,8,22,21,50,19
5,24,1,8,60,21,10
53,14,5,3,11,58,11
42,14,13,11,10,60,10
11,27,18,6,46,10,29
29,4,8,10,17,42,31
33,28,6,18,46,31,10
26,3,18,0,10,10,60
61,1,10,17,10,59,10
6,4,18,2,17,11,60
62,19,16,13,12,59,10
1,29,14,19,40,29,21
30,13,18,18,21,31,31
30,26,4,10,60,23,10
38,22,7,6,11,60,10
0,21,0,20,44,43,10
40,27,11,23,12,60,10
51,10,20,9,10,58,11
65,28,2,28,10,59,11
17,8,2,10,38,47,10
32,2,0,15,10,58,12
37,26,15,2,12,60,11
53,23,5,13,10,60,10
25,9,13,8,27,25,37
50,5,15,19,12,60,12
6,29,6,25,41,36,10
18,10,2,24,26,59,10
10,25,18,11,42,20,30
35,14,15,27,23,41,26
49,5,20,24,12,60,11
52,2,16,8,12,60,10
42,24,18,1,10,60,10
25,15,2,24,33,51,12
65,10,6,26,10,59,10
52,27,12,25,11,59,10
64,10,14,20,11,60,10
39,3,17,28,12,58,11
59,2,16,10,10,58,12
33,6,20,19,10,39,42
42,15,0,29,10,60,11
21,8,3,8,38,38,13
61,20,14,1,11,60,11
52,18,7,26,12,60,10
21,5,17,1,19,10,60
9,21,9,5,53,13,24
13,17,20,0,39,10,46
9,27,19,30,33,34,23
22,28,8,6,60,12,15
60,28,10,4,11,60,10
32,4,5,3,29,24,39
51,0,1,24,12,59,10
58,4,6,28,10,60,10
1,26,8,19,44,33,11
52,7,12,19,10,59,10
63,26,20,1,10,60,10
22,13,10,10,35,27,29
40,27,16,19,10,58,11
16,21,15,23,31,34,23
26,0,16,7,11,28,58
27,20,4,27,36,48,10
48,6,20,18,10,60,10
42,26,10,17,10,60,10
8,3,19,1,10,10,60
61,22,9,19,12,59,10
49,12,2,0,10,59,10
36,23,1,16,12,59,12
59,25,2,6,12,60,11
31,29,13,4,55,12,25
2,11,7,4,43,17,28
23,3,14,16,10,43,37
2,29,17,12,47,20,24
45,9,12,27,10,60,10
51,10,4,3,10,60,11
12,9,8,24,18,52,15
48,14,14,20,11,60,12
50,1,4,19,10,60,11
58,20,10,9,10,58,10
27,13,4,30,23,58,11
40,14,3,16,10,59,11
55,18,13,28,11,60,11
64,23,13,1,10,59,12
58,23,6,24,10,60,10
27,12,15,14,28,32,31
24,15,19,8,32,19,42
33,7,19,20,15,37,35
52,8,13,25,10,60,11
23,21,7,18,41,34,15
40,20,9,15,11,60,10
24,19,2,8,59,22,10
14,15,2,27,28,56,10
53,7,16,10,10,58,12
46,24,19,15,10,59,10
14,1,16,30,11,56,31
15,8,0,25,23,60,12
58,19,9,27,12,60,10
61,3,15,18,10,58,10
63,25,0,10,10,60,12
19,11,8,9,34,26,27
56,5,5,29,12,60,10
29,19,10,3,52,12,29
63,15,0,26,11,60,10
25,26,1,8,60,21,11
13,22,13,20,35,32,22
8,3,7,6,18,35,38
30,12,9,20,26,43,20
62,29,8,23,10,60,12
19,3,11,0,19,12,60
8,13,15,25,23,43,24
20,10,20,13,20,25,39
11,11,9,24,24,49,19
17,29,5,6,60,11,12
33,21,7,23,38,41,14
40,11,7,5,10,60,10
33,23,11,21,36,34,19
56,12,14,0,10,60,10
15,10,18,9,26,20,41
26,11,1,10,45,39,10
30,15,10,1,51,10,32
54,24,6,8,11,59,12
23,12,18,10,26,22,41
53,13,9,10,10,59,10
36,20,11,24,10,60,11
7,22,13,22,36,36,18
62,29,17,24,10,60,12
46,27,17,14,10,58,10
10,28,10,4,60,12,22
16,18,0,29,32,57,10
62,23,19,23,12,60,10
30,4,17,30,10,54,30
27,12,8,4,44,17,31
8,19,0,1,59,10,10
40,12,6,15,10,60,10
18,13,11,29,20,49,16
9,29,5,3,58,10,10
17,4,10,26,11,59,21
50,22,2,3,12,60,10
20,25,9,25,39,37,13
52,20,9,29,10,60,12
4,15,13,19,28,37,26
12,16,12,21,27,37,21
34,16,1,4,60,15,10
43,13,3,19,10,60,12
6,2,16,25,11,54,32
26,2,18,23,11,50,35
58,3,6,20,10,60,10
16,10,3,8,43,35,10
11,19,9,29,29,44,12
17,17,16,12,33,26,34
3,27,8,23,42,36,12
33,15,17,10,30,21,38
65,20,13,4,10,60,10
58,5,0,0,10,59,10
2,29,18,16,42,22,23
40,26,2,4,11,60,10
38,19,15,14,12,60,10
61,20,0,19,11,60,10
14,13,5,30,26,55,10
46,12,5,2,10,60,12
26,3,12,2,17,10,59
12,18,18,14,31,26,31
64,8,17,29,12,60,10
25,29,17,11,45,17,28
30,26,15,1,54,11,34
45,15,15,14,12,58,10
17,10,15,0,38,12,52
34,27,9,15,48,26,15
33,5,12,24,12,51,28
36,17,1,22,10,58,11
59,26,4,8,10,60,10
7,24,18,24,34,31,23
7,8,12,16,21,42,32
40,30,7,16,10,60,10
22,28,19,21,36,28,27
16,28,19,11,42,16,31
3,2,16,6,10,21,60
25,18,19,14,29,22,31
45,5,7,27,11,60,10
44,2,13,2,12,60,11
20,4,8,28,10,59,20
6,0,11,17,10,56,33
27,29,9,26,42,38,12
0,8,9,3,36,12,40
65,20,9,0,10,60,10
20,12,6,4,51,18,25
62,26,1,29,10,58,10
58,7,11,26,10,60,12
1,5,6,15,19,50,19
60,18,4,13,10,59,10
26,25,17,9,43,14,29
9,8,9,1,42,11,46
16,30,16,30,37,33,19
23,23,12,30,31,43,18
34,10,1,22,27,59,10
27,18,6,18,40,40,13
42,9,2,4,10,60,10
35,26,7,0,60,11,17
59,24,19,0,10,58,10
42,29,4,22,10,60,12
45,13,8,23,11,59,10
6,0,15,2,10,12,59
34,20,5,30,31,50,10
2,16,8,28,25,50,14
26,26,4,12,53,23,11
16,6,0,21,20,58,11
10,4,6,14,13,54,21
21,24,1,17,50,35,11
33,1,5,30,10,60,14
63,29,19,10,10,59,10
63,18,16,28,10,60,10
49,7,4,27,12,60,10
46,29,10,3,10,59,10
63,19,3,9,11,60,12
58,24,4,0,12,60,11
6,22,6,11,50,25,11
54,28,1,4,11,60,10
20,3,0,18,10,59,10
46,10,19,1,11,59,10
29,25,16,7,47,15,29
53,30,9,24,12,60,10
38,18,2,22,11,60,11
31,18,18,7,39,15,37
5,10,10,20,23,46,24
26,27,5,16,50,29,12
38,20,16,10,12,60,10
26,28,19,27,34,33,21
26,7,6,1,45,10,38
5,14,16,16,27,33,29
64,4,15,15,10,59,10
13,30,12,16,47,23,17
37,10,17,3,11,60,10
56,22,2,29,10,58,11
54,12,0,10,12,59,11
43,9,19,11,10,59,10
50,5,11,9,10,59,12
15,11,7,19,27,48,16
30,29,5,12,54,22,10
12,28,9,0,59,10,23
10,30,15,11,50,17,26
14,15,3,1,59,10,13
46,14,16,2,11,60,10
13,12,1,9,50,34,10
49,0,5,6,10,60,10
3,25,5,4,60,10,14
4,20,5,18,41,36,10
20,16,8,6,49,16,22
47,6,12,21,12,60,11
34,30,1,5,60,14,10
59,9,6,18,12,60,10
44,11,19,25,10,60,10
22,7,13,5,24,18,48
44,8,9,25,10,58,10
23,10,3,12,36,44,12
31,18,6,1,60,11,22
6,22,12,25,34,36,19
26,15,17,0,42,10,49
37,6,14,21,10,60,10
14,13,6,21,28,45,14
41,17,18,18,10,60,12
11,17,15,13,34,26,29
60,17,3,10,10,60,10
26,23,3,5,60,15,12
62,7,13,8,11,60,10
45,16,14,21,12,60,12
4,22,12,30,29,40,15
9,19,3,1,60,10,12
13,23,16,4,50,10,32
24,17,9,26,30,46,17
44,22,5,18,10,58,10
52,15,18,30,10,59,12
10,14,4,1,60,11,17
12,5,8,3,26,15,43
59,29,19,21,11,60,10
30,13,16,8,33,18,36
5,29,16,19,40,26,23
43,1,11,18,10,60,11
5,19,10,15,39,30,21
37,25,9,23,10,58,12
0,15,4,20,36,48,11
47,8,11,23,10,58,12
27,21,10,15,41,30,20
18,6,16,23,11,47,33
59,12,3,4,12,60,10
50,12,17,8,10,60,11
41,18,17,10,10,58,10
2,12,13,15,25,32,30
16,0,18,17,12,44,44
8,12,8,3,44,10,31
38,22,2,30,10,58,10
36,22,3,1,11,58,10
57,20,4,3,11,60,12
13,11,7,22,25,51,14
56,6,17,2,10,60,12
41,0,1,5,12,59,10
17,5,6,28,10,60,13
56,7,14,3,10,60,11
9,24,0,5,60,17,11
5,20,8,5,52,12,21
59,12,4,0,11,58,10
51,1,2,27,12,60,10
15,30,6,8,60,16,12
41,24,18,27,10,58,10
64,0,5,19,11,60,11
27,7,17,23,11,45,30
36,4,19,25,10,58,11
32,10,7,14,28,42,22
4,3,9,29,10,60,21
63,0,4,7,10,60,10
61,15,5,2,12,60,10
20,21,17,27,29,39,21
10,17,1,21,41,47,11
22,20,17,9,41,17,32
18,6,14,1,25,10,60
12,0,18,10,10,34,59
4,25,1,8,59,23,10
43,5,18,10,11,60,10
61,5,6,19,10,60,10
54,9,1,13,11,60,11
25,0,18,4,11,15,60
38,5,5,14,10,60,10
20,3,17,5,10,18,59
29,23,1,30,38,49,12
4,29,20,22,36,25,23
57,30,6,3,10,60,11
54,30,2,14,10,58,10
3,15,11,17,32,36,24
35,23,15,20,34,32,23
26,0,11,12,10,48,45
48,12,2,15,10,60,10
56,19,20,16,12,60,10
9,30,15,29,34,35,18
38,10,2,29,10,60,12
59,29,16,15,11,60,10
3,23,20,26,28,31,25
62,22,9,20,10,59,11
58,28,7,1,11,60,11
64,27,3,27,10,60,11
59,9,8,0,10,58,10
45,7,14,9,11,58,10
63,20,7,14,10,58,10
59,17,18,23,10,60,10
64,2,0,26,10,60,12
20,6,19,15,14,32,42
62,14,7,26,12,60,10
58,20,11,13,10,58,12
38,30,19,3,12,58,10
49,14,7,26,10,58,11
27,7,8,20,18,49,22
34,29,14,0,60,10,28
14,4,5,26,11,60,10
0,20,7,15,42,34,15
30,10,12,11,26,31,31
43,10,20,11,10,59,10
37,18,16,18,12,58,12
32,18,12,5,47,10,28
5,20,2,22,40,44,11
31,8,8,14,25,42,22
13,4,2,12,19,60,10
18,8,0,7,48,41,10
25,6,9,0,34,10,55
65,25,4,3,10,60,10
59,18,11,1,10,60,12
16,11,5,1,60,12,25
42,25,12,10,12,60,11
62,25,14,2,11,60,12
47,1,5,20,11,59,12
25,17,4,22,36,48,10
35,12,14,9,30,23,38
42,14,20,0,10,60,10
23,12,14,3,36,10,44
29,16,5,5,56,16,19
13,0,8,20,10,60,24
1,17,2,8,54,28,10
20,16,17,21,26,35,28
24,19,11,23,30,39,18
46,0,15,14,10,58,11
14,19,3,30,32,53,10
60,13,20,6,12,60,10
23,15,5,17,36,42,13
29,7,6,10,28,41,23
45,8,5,11,10,60,12
8,18,14,25,29,39,23
8,16,8,11,42,28,18
2,22,4,3,59,11,14
54,30,4,0,10,58,12
21,12,18,30,19,47,25
45,13,16,16,10,60,10
0,13,11,1,46,10,40
25,19,6,26,32,45,10
23,0,18,12,10,36,55
59,17,12,6,10,58,10
61,1,18,30,10,60,10
54,28,17,2,10,60,12
21,2,5,13,11,57,21
20,6,17,2,22,12,59
13,26,20,1,48,11,36
1,18,11,6,45,13,30
34,21,8,21,39,35,12
14,27,5,4,58,10,14
1,0,0,18,10,60,12
9,2,18,19,12,43,40
48,14,1,0,10,60,11
31,13,7,22,29,48,14
21,27,12,11,50,20,23
16,17,10,1,53,12,30
44,10,20,2,12,58,10
61,26,7,20,10,60,11
46,3,6,12,11,58,10
34,6,7,29,10,58,17
7,6,18,24,11,44,31
4,26,4,2,58,12,10
7,29,6,8,60,17,13
58,16,11,2,10,59,10
52,28,18,1,10,60,10
56,26,20,4,10,58,10
38,11,17,2,10,59,10
22,24,10,2,60,12,27
13,7,6,26,14,60,11
48,29,14,23,10,60,10
11,14,18,16,25,30,32
1,14,8,14,36,36,19
47,20,12,22,12,58,10
26,17,14,13,32,24,28
15,14,3,7,50,28,11
45,27,13,4,10,59,10
10,2,15,18,11,46,39
11,27,20,23,36,27,23
18,11,3,11,41,41,12
18,30,6,25,42,36,10
17,17,4,11,46,31,10
34,20,16,26,29,39,22
33,30,7,28,41,37,10
47,9,9,3,10,60,10
7,19,11,14,40,26,23
25,8,18,12,19,26,44
52,3,8,21,10,59,10
59,9,2,26,10,58,11
39,14,4,19,10,58,11
49,29,6,15,11,60,10
50,4,18,6,10,59,10
10,3,11,13,10,42,35
64,13,11,26,11,58,10
3,4,2,25,11,58,10
5,20,5,19,39,37,10
63,9,1,20,10,58,10
29,26,12,9,48,17,20
17,11,17,10,27,22,42
59,2,8,1,11,60,10
54,20,4,26,10,59,10
48,28,9,25,10,59,10
51,12,17,26,12,60,10
8,28,1,1,60,10,10
63,10,10,24,10,60,11
25,27,8,29,35,42,11
20,0,7,1,10,11,60
19,26,10,28,36,40,15
7,25,1,8,60,23,10
11,20,5,15,47,31,13
50,14,6,8,10,60,10
55,9,0,24,10,58,10
30,19,3,25,36,46,10
25,20,2,3,59,10,11
7,29,12,7,53,14,23
13,6,8,5,30,21,38
34,29,9,2,60,10,18
52,26,12,20,10,60,10
30,1,0,11,11,58,10
55,0,3,6,10,60,12
11,21,13,14,37,25,23
12,0,13,19,10,55,34
4,20,11,17,39,31,21
17,24,12,29,35,41,14
19,28,20,22,34,30,23
40,26,19,0,10,60,10
65,11,8,5,10,60,10
33,10,11,12,27,30,32
29,4,17,17,11,38,42
24,28,5,7,60,14,12
51,12,19,13,11,60,10
32,20,18,9,38,16,33
59,22,6,24,12,59,10
52,21,3,22,12,60,10
5,19,1,21,39,47,12
36,22,6,11,12,60,12
38,8,18,1,10,60,10
57,26,7,3,11,59,10
59,21,0,3,10,59,10
38,1,12,18,12,58,11
28,11,1,27,26,60,12
43,10,16,21,10,60,10
26,27,4,17,51,32,10
56,22,7,17,10,60,10
45,8,12,1,10,59,10
30,28,4,15,53,30,11
58,28,9,25,10,60,10
35,24,0,28,43,47,12
50,7,9,12,11,59,11
56,5,14,22,11,60,10
42,16,10,3,10,60,10
59,19,15,15,12,59,10
8,17,11,26,26,45,17
19,30,13,6,53,12,21
4,26,1,9,60,22,12
15,28,1,5,58,15,12
18,5,6,1,36,10,44
40,21,16,3,12,60,12
39,24,12,25,10,60,10
15,13,4,2,58,10,18
56,21,8,25,10,59,11
27,16,19,11,31,20,38
22,21,9,17,42,33,17
34,0,0,29,12,60,10
37,25,2,0,10,60,12
56,26,18,23,11,58,11
29,9,1,20,26,58,12
30,25,9,2,60,11,22
33,8,19,22,16,42,32
22,14,10,30,24,50,17
58,4,1,15,10,59,10
19,1,2,19,11,60,11
2,1,5,15,10,59,23
55,29,1,15,12,60,11
61,21,15,4,11,59,12
24,22,5,7,60,16,15
62,10,6,20,10,58,10
43,5,9,17,10,60,10
17,21,12,20,37,31,19
41,20,9,13,10,60,10
20,5,16,16,12,37,39
45,16,5,3,10,60,11
17,16,6,22,34,46,14
46,6,0,14,10,59,10
6,26,6,21,43,35,10
24,18,16,11,36,23,33
18,15,18,28,21,40,27
61,10,5,12,10,60,10
26,1,9,26,11,60,23
34,30,13,0,58,11,29
47,27,0,22,10,60,10
42,7,5,13,11,60,12
34,27,16,27,35,33,21
51,11,11,20,10,58,10
54,8,9,0,10,58,11
58,26,8,0,12,60,12
51,22,0,18,10,60,10
15,8,9,9,27,30,29
32,15,7,7,46,20,21
16,4,8,0,29,10,60
35,19,1,14,48,36,10
55,14,2,27,12,60,10
21,16,5,21,32,46,10
12,23,1,9,58,24,12
25,9,10,8,32,28,32
64,20,12,25,10,60,10
22,10,2,23,23,57,12
39,26,7,0,10,60,10
4,4,12,9,15,34,41
1,17,2,15,47,37,11
19,26,5,10,59,20,10
28,30,16,30,34,36,18
28,18,17,16,32,27,28
57,16,18,1,10,58,10
32,24,7,7,57,18,16
43,22,0,28,10,60,12
31,26,18,10,41,17,29
9,15,1,15,41,43,10
50,27,5,4,12,60,12
43,28,13,29,10,60,12
24,23,11,16,41,27,20
51,28,12,22,10,60,10
5,4,11,9,14,34,42
9,12,18,13,23,27,39
46,17,19,6,10,60,10
41,20,19,9,11,60,11
34,18,2,20,41,44,10
53,4,13,5,10,60,11
33,28,2,16,52,33,10
48,11,4,12,12,60,12
48,28,9,16,11,58,10
63,5,1,4,10,60,10
33,20,2,20,40,44,10
13,8,18,15,15,34,41
54,22,12,27,10,60,10
24,10,10,18,22,42,25
32,30,3,7,60,13,10
33,23,19,1,47,10,40
51,26,8,8,12,60,10
63,0,17,2,10,60,10
53,26,19,22,10,60,10
6,19,6,3,60,10,21
15,0,13,15,10,46,42
58,15,11,2,10,58,10
40,3,17,17,12,60,10
1,27,1,11,59,27,12
55,25,8,19,10,59,10
16,8,4,1,55,11,28
39,23,17,14,11,58,11
47,27,19,23,10,58,10
41,22,12,10,10,60,11
51,24,17,8,11,60,10
8,10,3,26,24,60,11
21,27,13,30,33,36,15
28,6,18,25,13,43,35
55,13,9,30,10,60,11
12,22,17,12,38,20,29
47,15,2,7,12,59,10
46,2,19,0,10,60,10
32,12,19,18,20,34,32
61,13,0,22,12,60,10
9,6,12,0,30,10,60
16,28,9,15,50,26,16
32,4,10,30,12,60,22
64,27,15,15,10,59,12
2,5,10,8,18,30,37
8,25,11,23,39,34,15
9,18,12,1,54,10,32
18,30,20,9,45,15,32
5,13,5,10,43,34,14
48,26,2,23,10,60,12
60,17,17,30,10,58,11
54,18,18,4,12,60,10
47,29,0,4,11,60,11
37,8,4,30,11,59,11
59,18,10,22,11,60,10
16,13,0,3,60,17,10
4,4,11,26,10,57,24
39,16,13,4,12,59,10
3,2,12,14,11,43,37
3,7,8,2,36,10,44
8,25,12,29,35,40,14
62,4,14,14,10,58,10
13,22,20,5,43,10,38
53,5,6,23,10,60,10
14,13,15,4,35,11,40
60,30,11,28,12,58,10
16,14,16,22,24,40,26
8,13,16,15,25,28,31
11,17,17,28,26,38,24
61,29,15,0,11,60,10
3,22,6,1,60,10,18
17,26,19,27,32,35,22
12,4,8,13,16,45,29
63,30,10,18,11,60,10
33,10,2,15,33,48,11
7,21,14,14,38,27,24
43,17,13,17,11,58,12
41,15,5,24,10,59,11
21,24,3,0,59,11,12
25,12,15,15,27,33,31
42,23,14,30,11,60,10
5,8,16,12,19,32,38
28,17,0,22,37,52,10
50,22,2,18,11,59,10
6,2,10,13,10,48,34
62,4,4,18,12,60,11
41,30,17,12,12,59,12
65,4,4,22,10,60,10
23,2,10,6,10,32,51
62,2,7,23,10,58,11
7,12,14,18,23,35,29
20,2,0,3,37,54,11
40,29,13,18,10,60,11
4,25,3,1,60,10,11
24,26,4,3,60,10,10
48,26,17,22,10,60,11
32,15,15,11,31,26,30
19,2,6,30,10,58,15
51,11,12,19,10,60,10
6,20,10,2,54,11,30
53,17,9,2,11,58,10
53,21,19,17,10,60,12
18,29,6,19,47,29,12
53,4,15,29,10,60,10
1,29,20,3,52,10,32
18,9,10,7,33,22,32
65,2,1,5,10,58,11
16,9,14,11,23,27,37
29,2,5,15,11,60,21
0,8,11,24,14,49,21
5,26,5,26,40,39,10
54,21,5,24,10,60,12
33,13,9,12,32,31,24
31,27,0,29,41,48,10
18,14,20,13,26,24,38
59,5,0,4,12,60,10
11,7,6,29,17,58,10
26,16,8,5,51,16,22
40,15,10,8,11,59,12
49,23,16,19,12,59,10
25,4,15,13,11,38,43
61,12,18,27,11,59,10
59,11,16,23,10,59,10
21,26,11,21,40,30,18
26,29,14,4,55,10,26
50,19,20,4,11,58,11
29,21,19,28,25,39,24
51,1,4,13,10,60,10
3,1,9,27,10,60,19
62,22,10,30,10,60,10
45,21,13,27,12,60,10
63,7,11,30,10,60,10
17,19,13,10,42,22,25
11,12,8,21,25,47,15
39,2,5,13,10,60,10
61,14,3,11,12,60,11
16,15,19,9,33,18,39
61,23,8,3,10,60,10
52,25,3,30,11,60,10
39,16,8,23,10,58,11
40,9,14,0,12,60,10
7,15,15,24,27,39,23
18,13,12,10,31,25,31
36,11,15,26,10,60,10
59,24,19,5,10,60,10
23,20,10,14,41,27,19
17,17,4,17,42,41,10
5,18,19,30,23,40,26
45,4,12,23,12,58,10
9,3,10,12,10,42,36
30,23,2,1,58,11,11
48,6,8,26,10,60,10
0,14,13,18,26,36,25
29,19,0,12,54,32,11
54,11,5,4,11,60,10
27,20,18,1,44,10,42
36,7,1,28,10,60,11
63,25,1,8,10,60,10
16,2,9,18,11,54,29
62,10,6,23,11,58,10
26,19,19,11,33,22,34
58,4,8,15,11,60,10
5,27,20,28,34,33,22
5,30,7,5,59,10,17
23,1,14,0,10,10,59
0,15,1,17,38,46,10
40,7,12,25,10,60,10
4,12,14,27,20,43,24
38,2,12,29,10,60,10
18,17,5,28,31,50,10
12,21,3,3,60,10,10
0,18,8,11,42,28,17
32,11,7,20,25,46,18
7,2,20,1,12,10,60
5,11,10,29,20,50,19
58,30,20,13,10,60,10
47,19,4,11,12,58,12
57,18,19,19,10,60,10
12,12,9,0,49,10,40
18,5,19,5,14,13,56
3,4,8,15,11,52,27
55,20,1,29,10,58,10
64,9,8,22,10,58,12
13,26,15,30,34,39,20
14,9,13,0,37,10,53
56,27,20,16,10,59,11
36,5,4,1,10,60,12
61,8,4,0,11,60,10
60,11,2,15,10,59,10
42,20,10,14,10,59,12
8,25,0,1,60,10,10
9,16,16,19,26,32,26
25,1,15,22,10,51,36
30,6,18,14,14,34,40
2,27,18,10,44,15,29
47,0,15,0,12,60,11
36,8,1,13,11,59,11
13,9,8,12,26,37,23
32,12,20,2,31,12,51
14,5,20,2,17,10,60
53,3,0,20,12,59,10
59,16,14,3,10,60,10
4,15,18,3,37,10,46
58,27,19,3,10,58,10
52,29,13,10,10,60,10
20,20,5,13,48,28,11
22,15,20,10,29,22,38
9,9,17,25,14,43,29
23,23,11,27,31,39,18
17,11,12,30,16,52,20
6,7,18,7,20,21,50
48,10,16,14,12,59,10
28,9,8,20,20,48,18
21,10,20,7,23,15,48
15,15,4,12,45,34,11
8,7,5,9,29,40,19
55,6,20,27,10,59,10
39,22,11,6,11,58,10
61,20,14,30,10,59,10
62,25,8,30,11,58,10
26,22,20,1,47,11,39
55,11,11,8,10,60,10
26,24,17,13,39,22,30
40,15,2,18,10,60,11
12,29,13,16,45,24,18
53,17,15,6,11,60,10
57,14,11,21,10,60,11
24,0,13,26,11,59,32
52,30,20,8,10,58,10
24,30,3,21,48,37,11
8,22,7,9,51,21,18
56,0,6,0,12,59,11
50,26,4,6,11,60,12
48,18,0,15,11,59,10
26,0,11,25,10,60,27
42,14,6,28,10,59,12
9,10,13,4,32,11,41
1,16,8,23,29,44,14
27,12,14,1,38,12,47
46,5,3,23,10,60,10
44,5,7,12,10,60,11
0,7,20,27,11,44,31
31,23,2,4,60,11,10
28,14,5,16,34,40,10
21,7,5,6,37,29,27
59,18,0,5,12,59,12
25,12,5,26,23,52,12
53,28,16,18,11,59,10
60,23,14,10,10,60,10
24,28,9,4,60,10,17
29,16,4,8,53,24,12
49,0,0,28,11,58,10
11,23,5,23,42,42,10
44,19,17,18,10,58,12
64,21,20,2,11,60,10
22,25,11,18,40,28,17
32,11,1,17,32,52,11
19,25,14,7,50,11,29
13,17,16,7,38,15,35
4,9,18,12,21,26,42
27,17,5,12,47,31,11
20,23,4,23,42,42,11
57,14,3,7,12,60,10
45,0,20,23,10,60,10
36,0,8,24,12,60,10
29,27,3,21,49,35,10
24,17,12,22,30,40,23
15,24,2,11,56,27,11
44,21,2,25,11,60,10
19,29,3,1,60,10,12
64,7,7,27,10,59,10
37,17,1,7,10,59,12
39,16,14,27,11,60,10
42,6,5,24,10,60,10
40,11,13,28,11,60,10
33,8,5,4,40,23,28
33,8,10,22,19,48,22
59,26,8,12,11,60,10
16,11,11,5,34,16,38
27,24,9,6,54,13,21
48,4,4,24,12,60,11
17,19,8,28,31,45,15
13,2,14,0,10,10,60
29,24,15,18,38,27,24
51,7,8,21,10,60,12
63,11,11,4,12,60,10
28,10,10,1,40,10,42
40,25,20,23,11,59,10
17,19,18,7,39,14,38
29,0,9,27,12,59,20
47,21,16,17,12,60,10
57,19,13,3,11,59,10
22,12,18,19,20,33,34
23,14,12,26,23,47,22
64,30,4,22,10,60,10
41,29,19,18,10,59,12
45,16,6,13,12,60,10
40,17,11,23,10,60,10
38,3,17,10,10,60,10
24,15,14,14,31,31,28
61,19,10,26,12,59,10
1,18,11,20,35,38,18
37,6,20,27,10,59,12
9,29,4,22,46,35,12
4,8,11,30,13,55,19
39,2,5,0,12,58,10
19,29,3,27,42,41,10
50,1,3,14,10,60,10
32,25,19,0,50,10,37
10,25,19,30,28,34,22
56,30,0,18,10,58,10
64,5,7,17,10,60,10
63,29,18,29,10,58,10
34,22,6,6,57,13,13
10,30,18,25,38,30,22
6,15,16,21,26,36,29
46,27,6,2,11,59,11
19,4,4,26,12,60,10
3,5,1,23,14,60,10
16,25,9,26,37,37,15
30,4,5,4,26,27,35
25,5,6,9,23,40,28
14,4,0,20,13,60,12
40,15,3,23,12,60,10
54,24,17,9,12,58,11
0,19,11,21,31,39,21
62,19,19,16,10,59,10
9,29,20,23,38,30,27
64,7,14,3,12,60,10
59,8,0,21,10,60,12
41,3,13,19,11,58,10
39,15,11,24,11,60,10
2,14,13,14,31,30,27
24,30,18,27,35,33,19
21,16,15,0,48,10,42
14,10,10,0,43,10,45
55,2,12,5,10,59,11
61,2,10,10,10,60,10
19,10,15,9,28,25,41
49,23,18,21,12,60,10
62,1,10,18,10,59,12
37,7,9,9,10,60,11
49,27,9,9,12,60,12
22,22,0,5,58,17,10
14,25,1,28,42,44,10
46,22,6,29,10,60,12
42,30,4,0,10,60,11
31,4,19,9,11,25,53
18,13,20,24,19,36,33
52,25,3,27,10,60,10
14,25,15,26,36,34,20
5,10,7,12,29,39,20
8,28,12,9,53,14,24
9,21,4,22,40,41,11
26,15,19,28,20,38,26
26,21,14,13,38,23,28
52,26,10,16,11,60,11
24,4,19,25,10,46,36
14,11,6,16,30,44,17
11,1,11,22,10,57,28
24,25,6,6,59,15,13
21,14,6,11,41,32,15
58,18,6,20,12,58,10
23,10,11,9,31,25,34
6,29,7,11,54,21,13
41,4,13,27,10,60,11
47,27,5,16,11,59,11
28,29,20,23,36,26,26
16,10,13,17,22,36,31
51,14,20,29,10,60,11
21,17,18,22,28,35,29
30,3,17,16,11,38,42
43,8,5,14,12,59,12
30,16,3,8,51,28,10
43,30,3,8,10,58,10
58,28,17,1,12,60,10
65,30,9,15,10,58,10
10,11,17,18,21,37,35
2,12,7,23,25,49,14
24,9,6,30,19,59,11
35,25,17,25,35,31,20
51,1,10,0,10,58,10
0,15,15,13,31,27,29
4,5,15,24,11,49,32
38,28,0,11,10,60,11
52,17,13,12,12,59,10
6,5,8,18,16,51,23
57,4,18,7,10,60,10
3,20,8,5,53,11,21
15,10,3,0,60,10,18
8,30,9,25,43,33,12
4,24,5,11,55,22,10
31,24,20,0,50,12,41
17,14,18,20,22,34,33
20,11,9,26,20,50,19
11,21,17,28,30,37,22
52,7,15,9,11,58,11
6,23,4,24,41,40,11
42,5,18,28,11,58,10
53,14,13,19,12,58,12
13,10,16,16,23,34,36
30,25,19,24,35,32,26
25,0,8,13,12,57,36
11,5,16,21,12,45,35
42,8,14,20,12,58,10
61,18,0,18,10,60,10
23,14,19,5,31,10,46
25,10,0,1,59,10,11
31,24,20,17,35,27,30
62,28,15,10,10,58,10
21,16,14,30,22,44,22
47,20,1,23,11,60,10
53,16,8,12,10,60,10
0,22,7,12,48,27,17
55,17,16,3,10,60,12
38,4,0,3,10,60,10
16,30,17,11,48,17,25
9,19,2,14,50,34,11
44,1,19,6,11,60,12
18,11,8,11,33,35,23
29,17,1,28,31,53,12
56,20,3,0,10,60,10
41,20,2,19,10,60,10
32,10,18,29,15,46,26
7,3,14,12,11,36,43
50,20,8,12,10,60,11
57,9,10,14,10,60,12
18,0,2,4,10,60,30
0,27,3,14,56,29,10
7,22,19,0,47,10,42
55,30,20,10,11,60,12
8,25,16,23,34,30,20
60,10,9,18,10,60,12
26,2,3,17,12,59,11
25,27,9,2,60,12,19
52,17,13,18,10,60,11
37,26,12,7,10,58,10
43,9,1,25,12,60,10
57,8,0,14,10,59,10
33,2,8,11,10,48,32
58,14,0,30,10,60,12
31,9,11,29,18,51,18
26,20,15,6,42,12,33
42,6,0,20,12,60,12
50,17,15,29,10,60,10
33,27,9,29,37,39,12
22,12,4,19,32,47,10
36,21,20,10,11,60,10
33,24,14,28,31,36,19
14,18,9,16,36,35,16
15,28,11,22,43,32,18
60,21,9,20,12,60,12
61,20,0,7,10,59,10
2,27,12,8,49,14,23
62,0,6,9,11,58,10
2,22,20,12,37,20,34
27,30,19,15,42,20,25
4,21,8,11,45,24,17
13,24,6,4,60,10,16
29,14,4,7,51,25,12
42,6,14,13,10,58,12
12,29,18,4,53,10,31
57,3,17,30,10,60,10
34,5,8,24,14,58,21
51,11,14,16,12,58,10
57,6,14,10,10,60,10
14,16,12,11,37,24,29
23,25,11,6,54,13,24
64,2,17,19,10,58,12
52,1,4,12,12,60,12
8,6,6,30,10,60,14
37,30,15,26,11,60,12
25,5,18,1,16,10,60
39,21,19,22,12,60,10
26,13,14,23,24,41,23
47,11,10,24,10,60,12
59,16,16,0,11,60,10
36,8,18,17,10,60,11
12,25,2,29,39,46,11
64,8,7,19,12,58,10
62,2,18,10,10,60,12
47,1,16,30,10,59,10
24,18,8,6,51,17,21
47,30,3,22,11,60,11
54,17,5,12,11,60,11
60,4,11,4,10,60,10
63,30,10,28,10,60,11
3,20,12,28,30,40,19
17,18,19,27,23,37,28
52,15,0,22,11,60,10
29,23,17,1,49,10,36
39,12,11,8,10,60,11
50,5,9,4,12,59,12
9,28,3,4,58,10,12
57,29,18,2,10,60,10
35,29,17,22,39,30,21
52,2,8,23,12,59,11
37,9,6,11,12,58,10
13,2,8,18,12,58,25
51,1,4,13,10,60,10
50,1,8,25,10,60,11
25,8,12,19,17,41,29
55,24,7,5,12,60,11
62,26,19,26,12,60,11
39,23,2,30,10,60,11
20,8,14,8,22,25,44
21,22,19,8,41,12,35
6,20,7,17,42,32,12
59,16,5,15,12,60,10
26,1,10,23,10,59,25
3,8,16,20,17,39,33
34,21,20,6,40,12,38
37,8,2,8,10,59,10
25,15,19,11,28,21,36
13,9,18,3,28,10,55
54,3,17,14,12,60,12
17,12,19,23,18,40,30
49,29,11,4,11,59,12
6,12,16,14,25,31,36
31,28,7,24,42,37,11
4,12,12,18,27,36,27
5,30,19,24,34,31,22
38,15,17,10,10,58,10
2,20,18,23,28,32,28
51,5,6,7,12,60,10
56,20,2,27,10,59,12
34,13,14,19,26,38,29
55,10,15,30,10,59,11
40,28,11,5,10,60,10
43,8,15,7,10,60,11
25,19,20,8,36,15,38
65,9,8,17,10,60,10
63,17,0,4,10,60,12
25,28,9,8,54,15,19
19,13,10,16,29,35,23
3,7,10,17,16,46,25
46,30,12,1,10,60,10
61,22,10,7,12,60,12
21,23,1,25,42,43,10
27,24,15,4,48,12,30
20,20,18,3,45,10,38
64,4,9,26,10,60,10
10,27,7,15,50,27,13
5,14,11,9,36,25,27
22,20,1,7,58,21,10
56,29,3,28,11,60,10
8,1,3,18,10,58,14
48,2,19,19,10,60,12
38,30,6,30,10,60,10
63,15,12,2,10,60,10
37,26,13,10,10,58,10
2,13,6,27,23,50,10
14,5,16,0,20,11,60
11,3,15,30,10,55,30
58,13,18,22,10,60,11
59,28,17,21,10,59,10
62,10,8,4,10,60,11
50,7,5,25,10,59,10
18,19,15,30,26,44,21
3,26,2,30,38,46,10
41,3,14,23,10,60,11
15,12,5,6,46,25,20
45,19,7,9,12,59,10
8,19,7,5,53,12,18
28,28,17,13,43,18,25
11,25,3,18,46,36,12
37,27,14,13,12,58,10
6,6,8,13,19,44,25
33,12,0,26,29,59,12
3,25,10,7,53,16,20
47,11,18,18,10,59,12
45,16,10,0,12,60,10
32,28,18,23,37,28,21
42,26,0,3,10,58,10
51,13,10,0,10,60,10
33,7,11,10,20,32,34
65,19,2,30,12,59,10
11,22,5,10,51,22,12
62,8,20,20,10,59,11
64,1,11,10,10,60,10
28,5,19,0,19,10,58
17,30,15,13,46,22,25
29,22,2,20,47,40,10
13,25,4,30,38,47,11
31,26,13,2,55,10,26
45,21,20,13,11,60,12
50,24,15,16,12,60,10
29,29,1,28,44,43,10
6,8,8,1,42,10,43
65,14,8,5,10,60,11
8,25,14,2,52,12,32
21,28,1,16,57,30,12
29,29,3,28,44,44,10
37,17,10,26,11,60,10
40,22,10,15,10,60,10
31,23,19,27,32,37,23
3,17,3,13,48,37,12
54,23,13,22,11,60,12
4,10,12,22,21,46,23
14,13,20,30,20,44,27
15,16,20,10,29,17,41
61,11,4,11,11,59,10
19,4,16,20,10,47,37
11,30,15,22,41,31,20
64,17,11,22,10,60,12
42,29,6,26,11,59,10
43,14,12,26,10,60,10
0,14,2,13,42,40,12
4,30,15,24,40,30,21
11,25,17,28,33,35,21
7,9,20,9,23,21,46
59,11,6,29,11,60,10
6,4,6,6,21,33,31
6,7,13,2,30,10,51
28,30,2,8,60,17,10
38,5,6,21,12,60,12
21,27,11,2,58,10,23
30,9,0,10,43,46,10
9,28,4,21,48,34,12
60,8,2,26,12,60,12
46,15,8,20,11,58,12
8,15,7,13,39,33,17
18,6,10,19,17,48,23
19,22,4,1,58,11,13
23,21,15,11,39,23,27
16,9,1,20,25,60,11
25,27,3,2,60,11,12
35,20,18,13,33,22,29
16,20,16,17,33,30,28
2,7,19,6,21,14,54
64,29,17,30,10,59,10
19,29,1,9,59,21,10
11,25,20,25,30,34,27
53,5,17,13,10,60,12
47,11,13,1,12,60,10
25,18,0,22,38,47,10
61,5,9,16,10,58,10
43,30,7,21,10,60,10
5,19,7,6,52,14,19
6,12,19,19,19,34,32
44,29,0,1,12,60,12
49,16,7,26,10,58,11
62,18,18,5,11,60,10
56,13,3,20,10,60,10
16,22,19,14,35,22,33
56,4,18,15,12,60,10
31,18,18,26,28,36,27
0,22,16,23,33,31,24
57,2,8,19,10,60,10
7,14,0,3,60,13,11
23,0,1,9,11,58,10
31,16,15,8,36,16,35
55,6,10,14,12,58,10
29,23,9,28,33,44,12
3,20,0,21,42,47,10
55,29,2,0,12,60,10
1,2,17,20,10,47,39
1,2,2,27,12,59,10
36,6,10,2,10,58,10
5,22,5,25,40,42,10
12,11,7,29,23,57,14
8,9,4,29,21,60,10
23,29,4,12,59,22,10
41,10,6,6,10,60,10
9,30,15,14,43,22,21
46,8,11,26,10,59,11
17,0,15,27,11,57,30
59,27,15,23,10,60,10
4,27,1,3,60,10,10
2,6,13,19,16,45,29
57,25,18,3,10,59,10
5,5,1,5,38,41,10
35,6,11,23,14,50,25
52,6,17,26,10,60,12
0,20,11,5,49,11,29
55,29,5,0,10,59,11
38,7,1,6,12,60,10
49,8,12,16,10,60,10
33,23,17,4,49,11,35
7,13,16,6,34,16,41
51,1,1,29,11,59,10
56,26,2,24,12,60,10
48,8,10,22,10,60,10
24,11,11,30,20,49,18
18,15,10,0,54,12,38
52,27,19,22,12,60,11
34,4,2,29,10,60,10
48,6,16,16,10,59,10
40,29,6,14,10,60,10
38,0,19,10,11,60,10
41,27,14,15,10,60,12
45,11,10,28,11,58,11
43,4,13,24,10,60,10
1,14,12,26,24,44,19
9,4,3,1,44,10,33
56,10,19,19,10,60,12
22,18,1,22,38,50,10
36,5,12,23,10,60,10
5,20,14,29,29,40,22
48,19,18,19,11,60,11
55,18,20,9,11,59,11
60,25,12,28,10,58,10
47,16,8,5,10,58,10
63,13,0,6,10,59,12
44,12,9,30,12,59,12
63,11,13,10,12,58,12
12,22,9,21,40,37,16
60,7,1,24,10,59,10
13,29,5,21,47,36,11
56,22,3,28,11,60,11
47,2,18,9,11,60,10
8,20,9,3,55,10,25
29,17,11,19,30,35,20
42,26,3,0,12,59,10
52,7,13,27,10,58,11
43,14,0,2,11,60,10
51,28,14,26,10,60,11
16,21,15,6,43,12,33
11,24,19,30,28,38,22
10,24,6,20,45,34,10
33,27,20,13,38,17,31
54,8,7,16,10,60,10
11,17,3,4,60,16,10
0,26,12,13,43,22,22
22,29,17,19,38,27,23
64,17,10,6,10,60,10
54,16,14,4,10,60,11
11,15,1,27,31,57,10
12,26,9,6,59,12,19
33,26,7,11,54,21,14
51,3,10,26,11,58,10
57,0,9,2,11,60,10
56,22,5,12,11,60,12
2,6,4,25,17,59,11
24,24,9,27,35,41,14
55,8,0,2,10,58,10
15,22,6,29,34,43,10
4,10,14,14,25,32,33
16,27,19,3,50,10,36
17,10,15,13,23,32,37
0,24,13,12,42,21,22
10,20,18,9,37,18,32
47,8,9,26,10,60,10
47,26,10,21,10,60,10
44,23,15,25,12,60,10
64,2,7,6,12,59,11
21,18,12,18,33,34,24
39,6,2,23,11,60,12
39,11,5,16,10,60,10
54,17,18,23,12,59,11
23,2,9,7,10,34,46
8,20,12,0,56,12,34
22,2,1,2,37,38,20
37,16,0,15,12,59,12
15,27,8,7,59,13,17
34,29,5,1,59,10,12
1,20,14,25,29,37,23
24,8,11,20,17,46,26
42,4,14,0,10,60,11
60,18,12,22,10,60,11
1,3,7,5,20,30,44
28,25,6,8,55,16,14
24,27,20,25,33,30,25
29,29,19,25,36,30,23
8,18,19,12,32,23,34
3,23,3,6,60,14,11
47,24,10,1,10,60,10
43,22,9,20,12,60,10
56,4,16,10,10,60,10
13,28,11,8,55,14,22
31,25,14,0,56,11,33
27,20,11,27,30,42,17
23,18,15,8,37,17,32
58,20,15,15,10,58,12
23,30,8,23,44,33,10
48,17,11,21,12,58,12
8,28,3,13,58,25,10
52,24,11,25,10,58,10
52,21,17,20,12,60,12
43,10,20,27,10,60,12
36,3,5,26,10,60,11
40,21,15,17,10,60,10
39,12,3,24,11,60,10
2,3,7,2,22,15,53
41,14,19,13,10,60,10
25,7,20,23,12,42,38
53,13,11,11,10,59,12
47,4,11,17,12,60,11
45,19,1,18,10,60,10
40,10,13,20,10,59,12
65,20,3,17,10,58,12
33,2,0,8,20,60,10
45,8,15,19,11,59,10
17,28,6,17,49,29,10
12,23,8,17,43,29,17
47,21,19,2,10,60,10
55,10,17,3,10,60,12
19,9,3,8,38,35,13
58,20,20,7,10,60,12
45,27,6,21,10,60,10
27,14,15,22,26,38,24
15,12,2,21,32,54,10
30,29,20,1,50,10,34
53,19,7,16,12,58,11
53,10,2,8,11,60,10
5,22,4,12,52,30,11
18,15,18,6,32,11,40
20,10,2,5,53,28,10
29,25,13,16,41,28,22
12,14,3,29,28,54,12
63,0,14,25,10,60,11
28,28,16,21,36,29,24
35,8,1,15,29,57,10
47,25,19,15,10,59,10
45,27,20,22,11,60,11
5,15,9,27,28,45,17
15,19,13,22,33,36,23
60,16,15,15,10,59,10
41,26,14,17,10,60,11
65,30,13,4,12,58,10
11,13,13,30,21,47,22
23,18,18,21,29,33,29
50,16,10,14,10,60,10
46,13,16,7,10,60,11
28,24,17,25,33,36,23
28,15,16,5,37,13,41
65,24,9,4,10,60,10
46,13,17,8,11,60,10
40,3,19,29,10,60,10
42,4,9,30,12,59,11
50,0,2,13,12,58,10
7,11,7,8,39,26,25
19,23,8,27,35,41,13
29,25,11,0,60,11,25
7,9,20,12,19,24,42
40,5,18,12,10,60,10
7,6,18,4,21,12,57
58,5,18,10,10,60,10
24,14,9,13,36,34,23
28,29,13,27,38,33,16
47,24,11,14,11,60,12
47,20,5,8,10,60,10
2,8,1,12,33,50,12
51,1,11,10,12,60,12
52,0,19,25,11,60,11
45,23,8,2,12,60,11
7,4,20,0,13,10,60
3,7,3,10,32,44,15
25,3,15,6,10,21,58
2,6,15,30,12,52,26
25,28,6,0,59,10,14
61,26,20,7,10,60,10
54,13,9,6,10,60,11
64,6,3,30,10,58,10
62,26,12,19,10,60,12
22,14,2,4,60,19,12
27,6,12,27,11,54,23
15,8,5,18,21,53,15
58,30,10,26,11,59,11
25,3,0,6,32,60,11
28,1,18,3,10,14,60
9,13,6,22,30,47,11
15,29,13,5,57,10,22
6,23,20,8,42,13,37
19,4,10,2,21,10,58
40,17,2,4,10,60,11
54,14,3,28,10,60,10
8,23,9,24,38,38,13
30,8,5,14,27,45,16
45,13,19,8,10,59,10
49,6,14,15,11,58,11
7,28,20,5,49,10,31
17,13,2,3,59,14,11
35,0,13,8,12,35,55
55,0,7,17,10,60,10
12,8,10,21,19,46,21
40,19,12,6,10,60,12
8,1,11,22,10,59,29
35,22,15,7,46,16,29
47,6,6,15,10,60,11
17,4,19,30,10,48,33
6,29,9,24,42,36,12
8,8,20,24,12,39,34
53,17,18,24,11,60,10
34,9,5,20,25,54,12
59,14,19,28,10,60,10
25,1,3,12,10,59,16
58,29,13,17,10,59,10
36,4,13,8,11,60,12
58,8,18,18,12,58,10
27,4,1,3,47,32,10
6,23,1,30,36,48,10
47,16,20,26,12,60,10
30,30,13,10,49,18,23
59,2,13,1,10,60,10
21,25,15,23,33,31,19
62,18,6,0,10,60,10
21,1,9,15,10,52,34
8,10,3,30,19,60,10
21,23,14,7,47,14,28
6,19,13,17,33,29,23
38,13,8,5,10,60,11
21,18,8,22,31,41,15
65,12,16,26,10,59,12
4,29,17,4,51,10,30
49,20,15,20,10,60,12
26,5,17,14,11,37,44
51,23,13,12,11,58,12
22,2,7,26,11,59,17
17,13,3,10,43,36,10
64,24,12,21,10,58,10
64,26,12,22,12,60,11
56,14,4,9,11,59,10
21,26,18,23,34,32,23
50,27,0,27,10,58,10
5,16,11,22,31,42,20
13,30,7,2,59,10,16
63,7,3,2,10,60,10
50,17,3,22,10,60,10
44,20,6,13,10,60,12
64,11,9,15,10,60,10
47,25,20,20,10,59,10
38,22,0,28,10,59,11
36,4,10,11,11,60,10
6,25,11,15,45,24,21
18,1,10,26,12,59,23
34,25,6,24,41,37,10
54,21,14,17,10,60,10
29,9,10,0,40,11,46
6,28,13,9,52,16,23
4,2,6,25,10,60,16
53,20,18,22,10,59,10
38,20,15,26,10,60,12
58,1,19,27,11,58,10
27,12,20,18,22,33,38
31,23,19,13,39,21,30
27,27,16,22,35,30,21
16,20,18,1,47,10,39
4,20,14,18,35,32,23
44,21,7,12,10,58,10
4,10,10,10,28,28,29
2,26,0,22,46,39,10
45,9,4,30,12,60,11
39,19,9,1,10,60,10
30,13,0,30,28,60,10
59,8,16,26,10,60,10
50,6,8,19,11,58,10
14,29,9,13,52,22,14
5,20,19,20,28,30,28
25,26,15,12,46,19,23
61,10,11,28,10,58,11
33,7,19,2,23,11,60
16,1,17,15,10,41,44
48,8,2,9,10,60,11
50,10,17,16,11,60,10
46,15,14,19,10,58,10
20,20,3,12,53,28,10
13,2,11,19,10,53,30
23,0,2,9,11,60,18
11,16,5,19,34,44,11
26,19,11,19,33,35,20
11,24,12,28,35,37,14
46,25,1,11,10,60,11
8,13,9,19,30,42,17
44,1,2,18,10,60,12
4,22,9,8,48,16,21
46,25,5,11,10,58,11
54,1,0,21,11,60,10
5,21,5,15,46,30,10
6,26,19,10,41,16,33
47,30,4,28,11,60,11
1,0,6,4,12,36,54
51,15,18,5,11,58,11
23,18,4,21,38,45,12
64,7,12,11,12,60,10
23,5,7,7,22,32,32
48,25,1,7,10,58,11
57,25,7,18,12,58,10
1,0,8,3,10,24,60
56,5,16,4,10,60,10
41,0,13,15,10,59,11
54,30,12,22,12,60,10
63,21,0,19,10,59,11
17,22,20,14,35,22,30
49,5,8,1,10,59,10
55,2,14,15,10,60,10
18,2,7,6,11,38,43
19,17,3,29,30,55,11
34,0,17,19,11,46,42
59,17,14,20,10,58,10
9,24,1,0,58,12,11
0,27,0,5,60,14,10
12,13,15,22,24,37,29
30,3,7,22,10,60,20
40,26,14,2,10,58,10
12,24,18,28,29,36,21
49,26,3,22,10,59,10
3,6,0,0,59,11,11
45,16,1,0,12,60,10
4,21,10,16,40,28,21
2,25,12,6,50,13,24
42,27,13,22,11,58,12
40,11,4,11,12,59,11
17,6,0,18,20,60,10
65,0,16,27,10,60,10
25,29,2,30,43,44,10
59,15,17,8,10,58,11
23,20,17,22,29,34,27
22,12,5,25,24,54,11
10,29,4,2,58,10,10
10,24,18,10,43,19,33
19,24,19,10,42,18,33
5,10,2,9,40,40,10
53,12,5,25,10,59,11
65,23,16,5,10,60,10
48,20,11,23,10,58,10
29,9,13,16,21,38,29
31,10,19,0,31,10,60
29,17,8,7,46,18,23
37,27,7,16,12,60,11
37,16,5,27,11,58,12
20,17,7,26,30,48,11
36,19,10,28,12,59,10
0,0,6,2,10,24,59
5,11,16,12,25,27,37
21,26,15,3,53,12,32
33,23,2,2,58,10,10
14,2,5,2,18,22,52
9,19,1,30,35,56,10
44,2,15,13,10,59,10
39,13,9,30,10,58,10
19,23,12,11,47,22,24
2,22,13,21,33,35,20
52,24,9,16,10,59,10
36,15,1,18,10,60,10
15,25,15,4,53,10,31
2,0,5,5,10,47,45
57,16,7,15,10,60,10
45,0,20,0,12,60,11
25,2,17,25,11,53,35
62,11,8,6,10,60,10
6,4,19,5,14,14,60
65,9,4,27,11,58,12
40,4,15,23,10,60,10
1,30,0,23,50,38,11
1,3,2,16,10,60,10
34,29,6,6,60,12,14
5,14,10,0,52,10,38
35,29,9,24,40,32,15
2,27,18,0,55,12,35
41,30,2,23,10,60,10
40,11,9,29,12,60,11
61,23,9,10,10,60,10
36,7,18,29,10,60,10
37,2,16,6,12,60,10
20,14,8,2,53,12,30
42,3,6,21,10,59,10
15,17,3,28,33,52,10
52,7,7,15,10,58,10
2,16,1,10,55,32,10
65,3,4,17,11,58,10
59,12,17,0,11,60,10
34,23,19,17,35,25,28
42,13,8,2,11,58,10
30,23,9,10,49,22,21
46,25,16,10,10,59,11
16,12,3,12,41,41,12
50,10,10,16,11,60,11
8,6,9,12,18,42,28
65,3,8,8,10,59,12
14,2,18,25,11,48,38
58,6,11,0,10,58,12
1,15,11,3,46,10,34
44,15,0,29,12,60,11
47,26,3,29,10,58,10
2,17,16,13,32,27,30
5,20,9,13,43,28,19
43,29,4,8,11,59,10
